timestamp,temperature
2024-01-01T12:00:00+00:00,25.6
2024-01-01T12:10:00+00:00,26.1
2026-02-10T14:04:03.427637+00:00,16.2
2026-02-10T14:16:35.718797+00:00,16.2
2026-02-10T14:20:39.325907+00:00,16.2
2026-02-10T15:40:53.636716+00:00,16.1
2026-02-10T17:31:37.025543+00:00,15.8
2026-02-10T19:35:23.651386+00:00,15.7
2026-02-10T21:03:59.176276+00:00,15.7
2026-02-10T22:03:07.110825+00:00,15.7
2026-02-10T23:04:07.857173+00:00,15.7
2026-02-10T23:56:46.657848+00:00,15.8
2026-02-11T03:28:26.488929+00:00,24.6
2026-02-11T05:49:10.636863+00:00,24.1
2026-02-11T07:32:30.911275+00:00,24.2
2026-02-11T09:10:02.864267+00:00,23.1
2026-02-11T10:12:48.744564+00:00,23.5
2026-02-11T11:12:59.757057+00:00,23.6
2026-02-11T12:01:24.845688+00:00,23.6
2026-02-11T13:52:39.698851+00:00,23.3
2026-02-11T15:17:02.090341+00:00,23.5
2026-02-11T16:33:23.969865+00:00,23.7
2026-02-11T18:12:48.765978+00:00,23.7
2026-02-11T19:31:13.154886+00:00,23.7
2026-02-11T20:58:30.452781+00:00,23.7
2026-02-11T21:53:16.906621+00:00,23.8
2026-02-11T22:54:23.432461+00:00,24.1
2026-02-11T23:50:04.003629+00:00,24.2
2026-02-12T03:24:37.501247+00:00,24.8
2026-02-12T05:43:41.894660+00:00,26.3
2026-02-12T07:31:57.626497+00:00,25.1
2026-02-12T09:08:31.754562+00:00,24.7
2026-02-12T10:10:01.729026+00:00,25.5
2026-02-12T11:10:28.464186+00:00,25.6
2026-02-12T11:58:27.742681+00:00,25.2
2026-02-12T13:47:08.184588+00:00,24.5
2026-02-12T15:10:57.619449+00:00,24.2
2026-02-12T16:13:07.601766+00:00,23.3
2026-02-12T17:30:29.402581+00:00,22.7
2026-02-12T19:30:53.701578+00:00,21.8
2026-02-12T20:55:18.685070+00:00,21.6
2026-02-12T21:53:27.266902+00:00,21.3
2026-02-12T22:52:45.570337+00:00,22.3
2026-02-12T23:49:05.092424+00:00,23.6
2026-02-13T03:24:50.591544+00:00,24.5
2026-02-13T05:40:08.684428+00:00,25.5
2026-02-13T07:29:59.104117+00:00,24.3
2026-02-13T09:05:28.938782+00:00,23.3
2026-02-13T10:04:28.674377+00:00,23.7
2026-02-13T11:04:42.609914+00:00,25.3
2026-02-13T11:49:13.176323+00:00,24.8
2026-02-13T13:38:46.079770+00:00,24.2
2026-02-13T15:06:05.268067+00:00,24.2
2026-02-13T16:03:15.601232+00:00,24.2
2026-02-13T17:10:31.064062+00:00,24.2
2026-02-13T17:59:29.916980+00:00,24.2
2026-02-13T19:11:56.536372+00:00,24.2
2026-02-13T19:55:37.705148+00:00,24.2
2026-02-13T20:59:32.951677+00:00,24.2
2026-02-13T21:54:42.168452+00:00,24.2
2026-02-13T22:56:14.779788+00:00,24.2
2026-02-13T23:48:44.450941+00:00,24.2
2026-02-14T03:10:24.577518+00:00,24.2
2026-02-14T04:53:40.138833+00:00,24.2
2026-02-14T06:02:06.250134+00:00,24.2
2026-02-14T07:06:33.112771+00:00,24.2
2026-02-14T07:50:46.947170+00:00,24.2
2026-02-14T08:52:46.650208+00:00,24.2
2026-02-14T09:50:00.471461+00:00,24.2
2026-02-14T10:49:26.605224+00:00,24.2
2026-02-14T11:40:57.520344+00:00,24.2
2026-02-14T13:14:24.816119+00:00,24.2
2026-02-14T13:56:27.457819+00:00,24.2
2026-02-14T14:48:38.460343+00:00,24.2
2026-02-14T15:45:15.876404+00:00,24.2
2026-02-14T16:51:38.739284+00:00,24.2
2026-02-14T17:46:14.579779+00:00,24.2
2026-02-14T18:55:56.237924+00:00,24.2
2026-02-14T19:41:14.637866+00:00,24.2
2026-02-14T20:46:07.776545+00:00,24.2
2026-02-14T21:42:54.178730+00:00,24.2
2026-02-14T22:46:05.015168+00:00,24.2
2026-02-14T23:42:44.766129+00:00,24.2
2026-02-15T03:24:26.523880+00:00,24.2
2026-02-15T05:36:27.722828+00:00,24.2
2026-02-15T07:10:27.424809+00:00,24.2
2026-02-15T07:52:48.169459+00:00,24.2
2026-02-15T08:53:27.347062+00:00,24.2
2026-02-15T09:50:28.310548+00:00,24.2
2026-02-15T10:49:48.517115+00:00,24.2
2026-02-15T11:41:31.947917+00:00,24.2
2026-02-15T13:16:04.091279+00:00,24.2
2026-02-15T13:56:53.942042+00:00,24.2
2026-02-15T14:49:44.639351+00:00,24.2
2026-02-15T15:44:28.085343+00:00,24.2
2026-02-15T16:51:42.367803+00:00,24.2
2026-02-15T17:47:06.730181+00:00,24.2
2026-02-15T18:57:17.454046+00:00,24.2
2026-02-15T19:42:50.491102+00:00,24.2
2026-02-15T20:46:24.283241+00:00,24.2
2026-02-15T21:43:59.393068+00:00,24.2
2026-02-15T22:47:13.679580+00:00,24.2
2026-02-15T23:45:30.438935+00:00,24.2
2026-02-16T03:22:29.799494+00:00,24.2
2026-02-16T05:47:06.716589+00:00,24.2
2026-02-16T07:34:02.764439+00:00,24.2
2026-02-16T09:09:23.363799+00:00,24.2
2026-02-16T10:13:49.380776+00:00,24.2
2026-02-16T11:10:16.982674+00:00,24.2
2026-02-16T11:56:39.611681+00:00,24.2
2026-02-16T13:42:08.050903+00:00,24.2
2026-02-16T15:05:48.026320+00:00,24.2
2026-02-16T16:00:16.256338+00:00,24.2
2026-02-16T17:06:39.099396+00:00,24.2
2026-02-16T17:58:34.318852+00:00,24.2
2026-02-16T19:05:19.947640+00:00,24.2
2026-02-16T19:48:44.531859+00:00,24.2
2026-02-16T20:51:05.350083+00:00,24.2
2026-02-16T21:48:08.569527+00:00,24.2
2026-02-16T22:52:09.428494+00:00,24.2
2026-02-16T23:48:38.148170+00:00,24.2
2026-02-17T03:17:04.453484+00:00,24.2
2026-02-17T05:06:55.177516+00:00,24.2
2026-02-17T06:13:19.137896+00:00,24.2
2026-02-17T07:29:42.386744+00:00,24.2
2026-02-17T09:07:45.564188+00:00,24.2
2026-02-17T10:09:28.477236+00:00,24.2
2026-02-17T11:09:54.747297+00:00,24.2
2026-02-17T11:56:55.298630+00:00,24.2
2026-02-17T13:41:40.392262+00:00,24.2
2026-02-17T15:10:04.540035+00:00,24.2
2026-02-17T16:12:40.626501+00:00,24.2
2026-02-17T17:29:22.778934+00:00,24.2
2026-02-17T19:26:02.481685+00:00,24.2
2026-02-17T20:59:11.525738+00:00,24.2
2026-02-17T21:50:44.991512+00:00,24.2
2026-02-17T22:53:57.715029+00:00,24.2
2026-02-17T23:48:37.092645+00:00,24.2
2026-02-18T03:20:06.573635+00:00,24.2
2026-02-18T05:08:32.255515+00:00,24.2
2026-02-18T06:17:10.700204+00:00,24.2
2026-02-18T07:31:04.538909+00:00,24.2
2026-02-18T09:07:26.810612+00:00,24.2
2026-02-18T10:08:47.247045+00:00,24.2
2026-02-18T11:09:28.004775+00:00,24.2
2026-02-18T11:57:16.029661+00:00,24.2
2026-02-18T13:43:41.040810+00:00,24.2
2026-02-18T15:09:28.505742+00:00,24.2
2026-02-18T16:13:00.553262+00:00,24.2
2026-02-18T17:31:53.321332+00:00,24.2
2026-02-18T19:17:41.029839+00:00,24.2
2026-02-18T20:00:40.625759+00:00,24.2
2026-02-18T21:00:38.580445+00:00,24.2
2026-02-18T21:52:06.337036+00:00,24.2
2026-02-18T22:56:43.449287+00:00,24.2
2026-02-18T23:49:00.204261+00:00,24.2
2026-02-19T03:18:48.016688+00:00,24.2
2026-02-19T05:07:38.756455+00:00,24.2
2026-02-19T06:16:43.331972+00:00,24.2
2026-02-19T07:30:21.270541+00:00,24.2
2026-02-19T09:06:56.945606+00:00,24.2
2026-02-19T10:08:07.932522+00:00,24.2
2026-02-19T11:09:36.070767+00:00,24.2
2026-02-19T11:57:12.533582+00:00,24.2
2026-02-19T13:44:45.940963+00:00,24.2
2026-02-19T15:10:38.654841+00:00,24.2
2026-02-19T16:06:59.481119+00:00,24.2
2026-02-19T17:17:13.832564+00:00,24.2
2026-02-19T18:08:58.868511+00:00,24.2
2026-02-19T19:12:07.460131+00:00,24.2
2026-02-19T19:52:57.338232+00:00,24.2
2026-02-19T20:53:25.866495+00:00,24.2
2026-02-19T21:53:11.214800+00:00,24.2
2026-02-19T22:54:59.087712+00:00,24.2
2026-02-19T23:49:13.351294+00:00,24.2
2026-02-20T03:13:44.782620+00:00,24.2
2026-02-20T05:00:14.490537+00:00,24.2
2026-02-20T06:10:15.423903+00:00,24.2
2026-02-20T07:17:03.276235+00:00,24.2
2026-02-20T08:00:18.559422+00:00,24.2
2026-02-20T09:01:44.363819+00:00,24.2
2026-02-20T10:00:15.200691+00:00,24.2
2026-02-20T11:00:32.942888+00:00,24.2
2026-02-20T11:48:58.417978+00:00,24.2
2026-02-20T13:35:53.004543+00:00,24.2
2026-02-20T15:03:55.034647+00:00,24.2
2026-02-20T15:56:00.912858+00:00,24.2
2026-02-20T17:02:55.335334+00:00,24.2
2026-02-20T17:57:57.505481+00:00,24.2
2026-02-20T19:08:38.420281+00:00,24.2
2026-02-20T19:50:12.211198+00:00,24.2
2026-02-20T20:50:22.941641+00:00,24.2
2026-02-20T21:45:24.237449+00:00,24.2
2026-02-20T22:49:31.183333+00:00,24.2
2026-02-20T23:46:48.249857+00:00,24.2
2026-02-21T03:04:55.233035+00:00,24.2
2026-02-21T04:48:49.241738+00:00,24.2
2026-02-21T05:59:09.911442+00:00,24.2
2026-02-21T07:03:57.339422+00:00,24.2
2026-02-21T07:47:31.578297+00:00,24.2
2026-02-21T08:50:38.898867+00:00,24.2
2026-02-21T09:48:54.364312+00:00,24.2
2026-02-21T10:47:52.588937+00:00,24.2
2026-02-21T11:40:12.285178+00:00,24.2
2026-02-21T13:13:19.443988+00:00,24.2
2026-02-21T13:55:06.101983+00:00,24.2
2026-02-21T14:48:01.752465+00:00,24.2
2026-02-21T15:44:10.091341+00:00,24.2
2026-02-21T16:50:27.534527+00:00,24.2
2026-02-21T17:46:35.589527+00:00,24.2
2026-02-21T18:56:29.064743+00:00,24.2
2026-02-21T19:41:48.177733+00:00,24.2
2026-02-21T20:44:48.542488+00:00,24.2
2026-02-21T21:42:12.305290+00:00,24.2
2026-02-21T22:45:39.157280+00:00,24.2
2026-02-21T23:42:12.119262+00:00,24.2
2026-02-22T03:19:00.946050+00:00,24.2
2026-02-22T05:01:40.167592+00:00,24.2
2026-02-22T06:06:47.797850+00:00,24.2
2026-02-22T07:08:37.604778+00:00,24.2
2026-02-22T07:51:39.459229+00:00,24.2
2026-02-22T08:51:16.567012+00:00,24.2
2026-02-22T09:50:03.505810+00:00,24.2
2026-02-22T10:47:22.836645+00:00,24.2
2026-02-22T11:40:05.123719+00:00,24.2
2026-02-22T13:14:45.873177+00:00,24.2
2026-02-22T13:55:14.852185+00:00,24.2
2026-02-22T14:47:44.047584+00:00,24.2
2026-02-22T15:44:20.407540+00:00,24.2
2026-02-22T16:52:11.870362+00:00,24.2
2026-02-22T17:46:19.604858+00:00,24.2
2026-02-22T18:56:48.461924+00:00,24.2
2026-02-22T19:41:33.895643+00:00,24.2
2026-02-22T20:46:27.862797+00:00,24.2
2026-02-22T21:42:48.087946+00:00,24.2
2026-02-22T22:46:15.930755+00:00,24.2
2026-02-22T23:44:31.249755+00:00,24.2
2026-02-23T03:22:16.279903+00:00,24.2
2026-02-23T05:45:46.930248+00:00,24.2
2026-02-23T07:35:10.928707+00:00,24.2
2026-02-23T09:09:51.634913+00:00,24.2
2026-02-23T10:14:25.568411+00:00,24.2
2026-02-23T11:10:29.990164+00:00,24.2
2026-02-23T11:56:15.478245+00:00,24.2
2026-02-23T13:44:48.935182+00:00,24.2
2026-02-23T15:10:42.602323+00:00,24.2
2026-02-23T16:07:37.435825+00:00,24.2
2026-02-23T19:35:53.944113+00:00,24.2
2026-02-23T21:05:52.506294+00:00,24.2
2026-02-23T22:06:01.031899+00:00,24.2
2026-02-23T23:04:32.073101+00:00,24.2
2026-02-23T23:49:31.824910+00:00,24.2
2026-02-24T03:17:08.889302+00:00,24.2
2026-02-24T05:05:22.114373+00:00,24.2
2026-02-24T06:15:37.197556+00:00,24.2
2026-02-24T07:30:47.265038+00:00,24.2
2026-02-24T09:10:22.833723+00:00,24.2
2026-02-24T10:11:57.382197+00:00,24.2
2026-02-24T11:10:14.523564+00:00,24.2
2026-02-24T11:58:04.792882+00:00,24.2
2026-02-24T13:46:16.385628+00:00,24.2
2026-02-24T15:13:00.924134+00:00,24.2
2026-02-24T16:17:26.490334+00:00,24.2
2026-02-24T17:32:43.715328+00:00,24.2
2026-02-24T19:28:38.058810+00:00,24.2
2026-02-24T20:58:59.839977+00:00,24.2
2026-02-24T21:54:01.924782+00:00,24.2
2026-02-24T22:55:56.484138+00:00,24.2
2026-02-24T23:50:23.043074+00:00,24.2
2026-02-25T03:18:30.673997+00:00,24.2
2026-02-25T05:08:37.509066+00:00,24.2
2026-02-25T06:35:51.820524+00:00,24.2
2026-02-25T08:04:38.119632+00:00,24.2
2026-02-25T09:10:26.873549+00:00,24.2
2026-02-25T10:13:53.044725+00:00,24.2
2026-02-25T11:12:06.788212+00:00,24.2
2026-02-25T11:56:07.047896+00:00,24.2
2026-02-25T13:46:07.222302+00:00,24.2
2026-02-25T15:14:00.909092+00:00,24.2
2026-02-25T16:38:21.744334+00:00,24.2
2026-02-25T18:17:09.616190+00:00,24.2
2026-02-25T19:30:45.016631+00:00,24.2
2026-02-25T20:57:43.976598+00:00,24.2
2026-02-25T21:52:22.454619+00:00,24.2
2026-02-25T22:56:06.575813+00:00,24.2
2026-02-25T23:47:28.131348+00:00,24.2
2026-02-26T03:13:51.821739+00:00,24.2
2026-02-26T05:04:07.912762+00:00,24.2
2026-02-26T06:14:48.592223+00:00,24.2
2026-02-26T07:30:31.227594+00:00,24.2
2026-02-26T09:08:12.674948+00:00,24.2
2026-02-26T10:10:06.972470+00:00,24.2
2026-02-26T11:09:37.605276+00:00,24.2
2026-02-26T11:57:38.688929+00:00,24.2
2026-02-26T13:45:46.852936+00:00,24.2
2026-02-26T15:09:44.109342+00:00,24.2
2026-02-26T16:11:31.725114+00:00,24.2
2026-02-26T17:31:48.945876+00:00,24.2
2026-02-26T19:12:15.949759+00:00,24.2
2026-02-26T19:57:32.151739+00:00,24.2
2026-02-26T20:58:50.792388+00:00,24.2
2026-02-26T21:49:03.334124+00:00,24.2
2026-02-26T22:56:21.751595+00:00,24.2
2026-02-26T23:49:06.456909+00:00,24.2
2026-02-27T03:11:23.504912+00:00,24.2
2026-02-27T04:57:59.325646+00:00,24.2
2026-02-27T06:08:28.164063+00:00,24.2
2026-02-27T07:14:49.429842+00:00,24.2
2026-02-27T07:59:39.519371+00:00,24.2
2026-02-27T09:02:07.023747+00:00,24.2
2026-02-27T10:01:54.103617+00:00,24.2
2026-02-27T11:01:16.629925+00:00,24.2
2026-02-27T11:48:58.677950+00:00,24.2
2026-02-27T13:35:06.149347+00:00,24.2
2026-02-27T15:01:29.400560+00:00,24.2
2026-02-27T15:55:10.276324+00:00,24.2
2026-02-27T17:01:34.286461+00:00,24.2
2026-02-27T17:56:10.081456+00:00,24.2
2026-02-27T19:05:13.063085+00:00,24.2
2026-02-27T19:50:01.101402+00:00,24.2
2026-02-27T20:47:59.237511+00:00,24.2
2026-02-27T21:46:57.595259+00:00,24.2
2026-02-27T22:46:20.879219+00:00,24.2
2026-02-27T23:42:24.005656+00:00,24.2
2026-02-28T02:41:10.472599+00:00,24.2
2026-02-28T04:35:42.264392+00:00,24.2
2026-02-28T05:51:43.684842+00:00,24.2
2026-02-28T06:58:24.724248+00:00,24.2
2026-02-28T07:43:23.997957+00:00,24.2
2026-02-28T08:46:47.980709+00:00,24.2
2026-02-28T09:43:37.877738+00:00,24.2
2026-02-28T10:44:06.288971+00:00,24.2
2026-02-28T11:36:23.414231+00:00,24.2
2026-02-28T13:08:46.302234+00:00,24.2
2026-02-28T13:50:14.481496+00:00,24.2
2026-02-28T14:42:39.396172+00:00,24.2
2026-02-28T15:40:02.727459+00:00,24.2
2026-02-28T16:45:07.297559+00:00,24.2
2026-02-28T17:40:11.052500+00:00,24.2
2026-02-28T18:51:45.468872+00:00,24.2
2026-02-28T19:37:09.393586+00:00,24.2
2026-02-28T20:43:15.332713+00:00,24.2
2026-02-28T21:38:30.611302+00:00,24.2
2026-02-28T22:43:00.153153+00:00,24.2
2026-02-28T23:39:50.471693+00:00,24.2
2026-03-01T03:25:35.397430+00:00,24.2
2026-03-01T05:33:26.642157+00:00,24.2
2026-03-01T07:05:48.349426+00:00,24.2
2026-03-01T07:49:37.082345+00:00,24.2
2026-03-01T08:50:03.866344+00:00,24.2
2026-03-01T09:47:31.588213+00:00,24.2
2026-03-01T10:46:29.312733+00:00,24.2
2026-03-01T11:37:35.376020+00:00,24.2
2026-03-01T13:11:32.914291+00:00,24.2
2026-03-01T13:52:07.145448+00:00,24.2
2026-03-01T14:45:05.797095+00:00,24.2
2026-03-01T15:41:40.122100+00:00,24.2
2026-03-01T16:46:46.409319+00:00,24.2
2026-03-01T17:42:03.037658+00:00,24.2
2026-03-01T18:52:58.241414+00:00,24.2
2026-03-01T19:39:25.394654+00:00,24.2
2026-03-01T20:44:50.478496+00:00,24.2
2026-03-01T21:40:30.022847+00:00,24.2
2026-03-01T22:45:01.746714+00:00,24.2
2026-03-01T23:41:20.466563+00:00,24.2
2026-03-02T03:12:54.919506+00:00,24.2
2026-03-02T04:59:47.331811+00:00,24.2
2026-03-02T06:08:44.070417+00:00,24.2
2026-03-02T07:29:13.328590+00:00,24.2
2026-03-02T09:04:28.550576+00:00,24.2
2026-03-02T10:08:52.241494+00:00,24.2
2026-03-02T11:05:16.222143+00:00,24.2
2026-03-02T11:48:23.873192+00:00,24.2
2026-03-02T13:36:45.121325+00:00,24.2
2026-03-02T15:04:19.948051+00:00,24.2
2026-03-02T15:58:38.274323+00:00,24.2
2026-03-02T17:08:54.351329+00:00,24.2
2026-03-02T18:01:28.688816+00:00,24.2
2026-03-02T19:08:20.739826+00:00,24.2
2026-03-02T19:52:30.226827+00:00,24.2
2026-03-02T20:55:17.258397+00:00,24.2
2026-03-02T21:53:08.160024+00:00,24.2
2026-03-02T22:50:37.510870+00:00,24.2
2026-03-02T23:45:04.543336+00:00,24.2
2026-03-03T03:16:26.939347+00:00,24.2
2026-03-03T04:59:31.688256+00:00,24.2
2026-03-03T06:06:01.119955+00:00,24.2
2026-03-03T07:12:33.865510+00:00,24.2
2026-03-03T07:57:01.155046+00:00,24.2
2026-03-03T09:02:52.665089+00:00,24.2
2026-03-03T10:02:40.450552+00:00,24.2
2026-03-03T11:02:09.883907+00:00,24.2
2026-03-03T11:49:42.294135+00:00,24.2
2026-03-03T13:35:01.225623+00:00,24.2
2026-03-03T15:08:38.508312+00:00,24.2
2026-03-03T16:03:58.939508+00:00,24.2
2026-03-03T17:09:21.804820+00:00,24.2
2026-03-03T18:02:06.355419+00:00,24.2
2026-03-03T19:12:47.811892+00:00,24.2
2026-03-03T19:53:42.621311+00:00,24.2
2026-03-03T20:50:35.321671+00:00,24.2
2026-03-03T21:51:06.792051+00:00,24.2
2026-03-03T22:53:08.070087+00:00,24.2
2026-03-03T23:44:57.333966+00:00,24.2
2026-03-04T03:08:18.621454+00:00,24.2
2026-03-04T04:52:30.648984+00:00,24.2
2026-03-04T06:02:27.425304+00:00,24.2
2026-03-04T07:08:36.383585+00:00,24.2
2026-03-04T07:54:15.788882+00:00,24.2
2026-03-04T08:59:24.833039+00:00,24.2
2026-03-04T10:00:19.884717+00:00,24.2
2026-03-04T10:59:16.729799+00:00,24.2
2026-03-04T11:47:42.120326+00:00,24.2
2026-03-04T13:33:40.505352+00:00,24.2
2026-03-04T15:00:18.433761+00:00,24.2
2026-03-04T15:59:59.374029+00:00,24.2
2026-03-04T17:05:13.130228+00:00,24.2
2026-03-04T18:00:11.772278+00:00,24.2
2026-03-04T19:09:17.462149+00:00,24.2
2026-03-04T19:53:07.874397+00:00,24.2
2026-03-04T20:52:08.253120+00:00,24.2
2026-03-04T21:52:09.703333+00:00,24.2
2026-03-04T22:53:03.562946+00:00,24.2
2026-03-04T23:47:46.578103+00:00,24.2
2026-03-05T03:11:19.979598+00:00,24.2
2026-03-05T04:57:35.731982+00:00,24.2
2026-03-05T06:05:07.885009+00:00,24.2
2026-03-05T07:12:36.116883+00:00,24.2
2026-03-05T07:56:47.344470+00:00,24.2
2026-03-05T09:02:55.361691+00:00,24.2
2026-03-05T10:04:16.317589+00:00,24.2
2026-03-05T11:03:25.432932+00:00,24.2
2026-03-05T11:50:58.925524+00:00,24.2
2026-03-05T13:38:55.409188+00:00,24.2
2026-03-05T15:09:37.216213+00:00,24.2
2026-03-05T16:07:08.966614+00:00,24.2
2026-03-05T18:24:32.850615+00:00,24.2
2026-03-05T20:02:10.833204+00:00,24.2
2026-03-05T20:55:15.200352+00:00,24.2
2026-03-05T21:54:15.399379+00:00,24.2
2026-03-05T23:31:01.617670+00:00,24.2
2026-03-06T03:10:03.650043+00:00,24.2
2026-03-06T04:53:38.454543+00:00,24.2
2026-03-06T06:02:09.691562+00:00,24.2
2026-03-06T07:09:57.996556+00:00,24.2
2026-03-06T07:54:29.972360+00:00,24.2
2026-03-06T08:58:07.535096+00:00,24.2
2026-03-06T09:57:51.096783+00:00,24.2
2026-03-06T10:58:30.441532+00:00,24.2
2026-03-06T11:46:39.664053+00:00,24.2
2026-03-06T13:31:10.722364+00:00,24.2
2026-03-06T15:00:07.419810+00:00,24.2
2026-03-06T15:55:21.462755+00:00,24.2
2026-03-06T17:01:59.401976+00:00,24.2
2026-03-06T17:54:57.843976+00:00,24.2
2026-03-06T19:05:47.800726+00:00,24.2
2026-03-06T19:50:52.905186+00:00,24.2
2026-03-06T20:50:59.542955+00:00,24.2
2026-03-06T21:47:17.326610+00:00,24.2
2026-03-06T22:50:31.520500+00:00,24.2
2026-03-06T23:45:23.291421+00:00,24.2
2026-03-07T02:45:49.478682+00:00,24.2
2026-03-07T04:42:42.810187+00:00,24.2
2026-03-07T05:55:15.075812+00:00,24.2
2026-03-07T07:00:58.607086+00:00,24.2
2026-03-07T07:44:50.109459+00:00,24.2
2026-03-07T08:49:56.402631+00:00,24.2
2026-03-07T09:46:32.428128+00:00,24.2
2026-03-07T10:44:26.124836+00:00,24.2
2026-03-07T11:37:48.740684+00:00,24.2
2026-03-07T13:10:23.390708+00:00,24.2
2026-03-07T13:51:43.694039+00:00,24.2
2026-03-07T14:44:37.856668+00:00,24.2
2026-03-07T15:41:16.169178+00:00,24.2
2026-03-07T16:46:16.946327+00:00,24.2
2026-03-07T17:41:20.643612+00:00,24.2
2026-03-07T18:52:09.708516+00:00,24.2
2026-03-07T19:39:24.276508+00:00,24.2
2026-03-07T20:43:54.347627+00:00,24.2
2026-03-07T21:39:03.055767+00:00,24.2
2026-03-07T22:43:59.354113+00:00,24.2
2026-03-07T23:40:48.967036+00:00,24.2
2026-03-08T03:13:48.356662+00:00,24.2
2026-03-08T04:55:08.808625+00:00,24.2
2026-03-08T06:00:16.551109+00:00,24.2
2026-03-08T07:03:09.083266+00:00,24.2
2026-03-08T07:46:14.955390+00:00,24.2
2026-03-08T08:50:17.052667+00:00,24.2
2026-03-08T09:47:49.317950+00:00,24.2
2026-03-08T10:46:39.050101+00:00,24.2
2026-03-08T11:39:07.739504+00:00,24.2
2026-03-08T13:12:04.653318+00:00,24.2
2026-03-08T13:52:55.025208+00:00,24.2
2026-03-08T14:45:48.729690+00:00,24.2
2026-03-08T15:41:55.186339+00:00,24.2
2026-03-08T16:48:07.035791+00:00,24.2
2026-03-08T17:43:24.114968+00:00,24.2
2026-03-08T18:54:02.292328+00:00,24.2
2026-03-08T19:40:32.163126+00:00,24.2
2026-03-08T20:44:50.268529+00:00,24.2
2026-03-08T21:40:58.622824+00:00,24.2
2026-03-08T22:44:55.161321+00:00,24.2
2026-03-08T23:42:16.459533+00:00,24.2
2026-03-09T03:17:50.972279+00:00,24.2
2026-03-09T05:06:03.896943+00:00,24.2
2026-03-09T06:13:06.281136+00:00,24.2
2026-03-09T07:31:08.996769+00:00,24.2
2026-03-09T09:04:46.036331+00:00,24.2
2026-03-09T10:10:04.853092+00:00,24.2
2026-03-09T11:06:22.119583+00:00,24.2
2026-03-09T11:52:24.465609+00:00,24.2
2026-03-09T13:41:42.650608+00:00,24.2
2026-03-09T15:14:17.325516+00:00,24.2
2026-03-09T16:16:04.383295+00:00,24.2
2026-03-09T17:13:32.825237+00:00,24.2
2026-03-09T18:04:10.832843+00:00,24.2
2026-03-09T19:12:50.877204+00:00,24.2
2026-03-09T19:54:20.566795+00:00,24.2
2026-03-09T20:54:34.470775+00:00,24.2
2026-03-09T21:50:14.867428+00:00,24.2
2026-03-09T22:50:07.316959+00:00,24.2
2026-03-09T23:45:54.368375+00:00,24.2
2026-03-10T03:08:46.084390+00:00,24.2
2026-03-10T04:53:39.108293+00:00,24.2
2026-03-10T06:03:02.532466+00:00,24.2
2026-03-10T07:10:27.600412+00:00,24.2
2026-03-10T07:56:59.788308+00:00,24.2
2026-03-10T09:03:45.591094+00:00,24.2
2026-03-10T10:03:04.700070+00:00,24.2
2026-03-10T11:03:56.936265+00:00,24.2
2026-03-10T11:50:28.391557+00:00,24.2
2026-03-10T13:40:05.012999+00:00,24.2
2026-03-10T15:13:18.228733+00:00,24.2
2026-03-10T16:16:50.488417+00:00,24.2
2026-03-10T17:12:28.770472+00:00,24.2
2026-03-10T18:04:00.801279+00:00,24.2
2026-03-10T19:11:06.807959+00:00,24.2
2026-03-10T19:54:41.604313+00:00,24.2
2026-03-10T20:53:13.556276+00:00,24.2
2026-03-10T21:45:32.742402+00:00,24.2
2026-03-10T22:49:27.618355+00:00,24.2
2026-03-10T23:45:33.981618+00:00,24.2
2026-03-11T03:07:42.439579+00:00,24.2
2026-03-11T04:54:50.679588+00:00,24.2
2026-03-11T06:05:34.490506+00:00,24.2
2026-03-11T07:13:32.625350+00:00,24.2
2026-03-11T07:57:14.212576+00:00,24.2
2026-03-11T09:02:49.521787+00:00,24.2
2026-03-11T10:02:45.624057+00:00,24.2
2026-03-11T11:03:17.484369+00:00,24.2
2026-03-11T11:50:16.120089+00:00,24.2
2026-03-11T13:41:02.408767+00:00,24.2
2026-03-11T15:09:20.422771+00:00,24.2
2026-03-11T16:06:19.070533+00:00,24.2
2026-03-11T17:14:01.776636+00:00,24.2
2026-03-11T18:07:12.631222+00:00,24.2
2026-03-11T19:12:40.701808+00:00,24.2
2026-03-11T19:54:13.062414+00:00,24.2
2026-03-11T20:53:18.359314+00:00,24.2
2026-03-11T21:50:48.398537+00:00,24.2
2026-03-11T22:48:05.405588+00:00,24.2
2026-03-11T23:44:43.980455+00:00,24.2
2026-03-12T03:14:25.477141+00:00,24.2
2026-03-12T04:59:29.756835+00:00,24.2
2026-03-12T06:08:02.443688+00:00,24.2
2026-03-12T07:15:10.145883+00:00,24.2
2026-03-12T07:58:58.645077+00:00,24.2
2026-03-12T09:04:31.288520+00:00,24.2
2026-03-12T10:02:51.378739+00:00,24.2
2026-03-12T11:02:21.335304+00:00,24.2
2026-03-12T11:45:46.743229+00:00,24.2
2026-03-12T13:38:42.153334+00:00,24.2
2026-03-12T15:12:40.409758+00:00,24.2
2026-03-12T16:32:02.078748+00:00,24.2
2026-03-12T18:06:12.999720+00:00,24.2
2026-03-12T19:13:51.053123+00:00,24.2
2026-03-12T19:55:22.522235+00:00,24.2
2026-03-12T20:55:51.311076+00:00,24.2
2026-03-12T21:51:25.726537+00:00,24.2
2026-03-12T22:47:48.489106+00:00,24.2
2026-03-12T23:45:34.299056+00:00,24.2
2026-03-13T03:10:50.107809+00:00,24.2
2026-03-13T04:56:58.105603+00:00,24.2
2026-03-13T06:06:13.280872+00:00,24.2
2026-03-13T07:14:45.196934+00:00,24.2
2026-03-13T07:59:01.245367+00:00,24.2
2026-03-13T09:01:13.404241+00:00,24.2
2026-03-13T09:58:47.291163+00:00,24.2
2026-03-13T10:59:12.840608+00:00,24.2
2026-03-13T11:48:23.686449+00:00,24.2
2026-03-13T13:36:11.257405+00:00,24.2
2026-03-13T15:05:32.299040+00:00,24.2
2026-03-13T15:59:29.837308+00:00,24.2
2026-03-13T17:01:59.099158+00:00,24.2
2026-03-13T17:53:58.040416+00:00,24.2
2026-03-13T19:03:50.503045+00:00,24.2
2026-03-13T19:50:16.576642+00:00,24.2
2026-03-13T20:55:45.955091+00:00,24.2
2026-03-13T21:51:22.961785+00:00,24.2
2026-03-13T22:48:27.051613+00:00,24.2
2026-03-13T23:46:19.958585+00:00,24.2
2026-03-14T03:09:06.281652+00:00,24.2
2026-03-14T04:55:03.075206+00:00,24.2
2026-03-14T06:02:50.680325+00:00,24.2
2026-03-14T07:07:33.469470+00:00,24.2
2026-03-14T07:52:03.293181+00:00,24.2
2026-03-14T08:54:56.929784+00:00,24.2
2026-03-14T09:51:36.575154+00:00,24.2
2026-03-14T10:50:22.694081+00:00,24.2
2026-03-14T11:42:40.565378+00:00,24.2
2026-03-14T13:16:17.956947+00:00,24.2
2026-03-14T13:56:36.764754+00:00,24.2
2026-03-14T14:49:36.089798+00:00,24.2
2026-03-14T15:46:12.384306+00:00,24.2
2026-03-14T16:51:42.919253+00:00,24.2
2026-03-14T17:47:18.475418+00:00,24.2
2026-03-14T18:59:06.963713+00:00,24.2
2026-03-14T19:44:01.352040+00:00,24.2
2026-03-14T20:47:40.480345+00:00,24.2
2026-03-14T21:45:27.963982+00:00,24.2
2026-03-14T22:47:42.263473+00:00,24.2
2026-03-14T23:45:50.488143+00:00,24.2
2026-03-15T03:35:31.594374+00:00,24.2
2026-03-15T05:47:27.038368+00:00,24.2
2026-03-15T07:16:17.920745+00:00,24.2
2026-03-15T07:56:51.844225+00:00,24.2
2026-03-15T08:58:04.193700+00:00,24.2
2026-03-15T09:52:08.914587+00:00,24.2
2026-03-15T10:52:37.823087+00:00,24.2
2026-03-15T11:44:08.516819+00:00,24.2
2026-03-15T13:26:07.521482+00:00,24.2
2026-03-15T14:51:54.493916+00:00,24.2
2026-03-15T15:47:17.082698+00:00,24.2
2026-03-15T16:52:13.093239+00:00,24.2
2026-03-15T17:49:05.757262+00:00,24.2
2026-03-15T19:00:21.250256+00:00,24.2
2026-03-15T19:45:28.188674+00:00,24.2
2026-03-15T20:48:52.737427+00:00,24.2
2026-03-15T21:46:41.651952+00:00,24.2
2026-03-15T22:49:50.143936+00:00,24.2
2026-03-15T23:47:53.560810+00:00,24.2
2026-03-16T03:40:52.498428+00:00,24.2
2026-03-16T05:59:08.744610+00:00,24.2
2026-03-16T07:50:57.304798+00:00,24.2
2026-03-16T09:16:54.059400+00:00,24.2
2026-03-16T10:33:09.418811+00:00,24.2
2026-03-16T12:01:33.810378+00:00,24.2
2026-03-16T13:56:55.123214+00:00,24.2
2026-03-16T15:34:57.279982+00:00,24.2
2026-03-16T17:31:10.401101+00:00,24.2
2026-03-16T19:31:37.556570+00:00,24.2
2026-03-16T21:00:15.152133+00:00,24.2
2026-03-16T21:56:52.835323+00:00,24.2
2026-03-16T22:53:34.681737+00:00,24.2
2026-03-16T23:47:15.081655+00:00,24.2
2026-03-17T03:15:50.475396+00:00,24.2
2026-03-17T05:05:17.361537+00:00,24.2
2026-03-17T06:16:24.631659+00:00,24.2
2026-03-17T07:33:50.838959+00:00,24.2
2026-03-17T09:10:50.541344+00:00,24.2
2026-03-17T10:10:59.727784+00:00,24.2
2026-03-17T11:10:54.471003+00:00,24.2
2026-03-17T11:58:22.267377+00:00,24.2
2026-03-17T13:54:17.787135+00:00,24.2
2026-03-17T15:33:11.064919+00:00,24.2
2026-03-17T17:32:02.936533+00:00,24.2
2026-03-17T19:31:32.703963+00:00,24.2
2026-03-17T20:59:28.591529+00:00,24.2
2026-03-17T21:56:07.945423+00:00,24.2
2026-03-17T22:55:01.580055+00:00,24.2
2026-03-17T23:50:24.036442+00:00,24.2
2026-03-18T03:23:01.880203+00:00,24.2
2026-03-18T05:43:24.059946+00:00,24.2
2026-03-18T07:33:13.091494+00:00,24.2
2026-03-18T09:10:07.880049+00:00,24.2
2026-03-18T10:14:04.744866+00:00,24.2
2026-03-18T11:12:17.172692+00:00,24.2
2026-03-18T12:01:45.323170+00:00,24.2
2026-03-18T13:56:38.578497+00:00,24.2
2026-03-18T15:42:01.544393+00:00,24.2
2026-03-18T17:31:59.794431+00:00,24.2
2026-03-18T19:27:12.569517+00:00,24.2
2026-03-18T20:59:11.750824+00:00,24.2
2026-03-18T21:52:41.776632+00:00,24.2
2026-03-18T22:51:12.917965+00:00,24.2
2026-03-18T23:46:52.895856+00:00,24.2
2026-03-19T03:23:41.508822+00:00,24.2
2026-03-19T05:39:17.195610+00:00,24.2
2026-03-19T07:28:49.544840+00:00,24.2
2026-03-19T09:04:45.621707+00:00,24.2
2026-03-19T10:03:30.565551+00:00,24.2
2026-03-19T11:04:25.740232+00:00,24.2
2026-03-19T11:53:34.080743+00:00,24.2
2026-03-19T13:44:45.002285+00:00,24.2
2026-03-19T15:09:28.997103+00:00,24.2
2026-03-19T16:11:58.446614+00:00,24.2
2026-03-19T17:28:29.196161+00:00,24.2
2026-03-19T19:16:51.334385+00:00,24.2
2026-03-19T19:56:40.715133+00:00,24.2
2026-03-19T20:59:15.179884+00:00,24.2
2026-03-19T21:51:02.039126+00:00,24.2
2026-03-19T22:51:04.179864+00:00,24.2
2026-03-19T23:48:03.294201+00:00,24.2
2026-03-20T03:12:31.371680+00:00,24.2
2026-03-20T04:59:38.104039+00:00,24.2
2026-03-20T06:08:50.120488+00:00,24.2
2026-03-20T07:15:38.971104+00:00,24.2
2026-03-20T07:58:39.182934+00:00,24.2
2026-03-20T09:01:28.703558+00:00,24.2
2026-03-20T10:00:31.085704+00:00,24.2
2026-03-20T10:59:36.644841+00:00,24.2
2026-03-20T11:48:15.461324+00:00,24.2
2026-03-20T13:36:52.917734+00:00,24.2
2026-03-20T15:07:49.167877+00:00,24.2
2026-03-20T16:01:15.445573+00:00,24.2
2026-03-20T17:05:23.693704+00:00,24.2
2026-03-20T17:55:29.780331+00:00,24.2
2026-03-20T19:08:39.644086+00:00,24.2
2026-03-20T19:51:34.476870+00:00,24.2
2026-03-20T20:53:04.409207+00:00,24.2
2026-03-20T21:48:27.761768+00:00,24.2
2026-03-20T22:50:43.927918+00:00,24.2
2026-03-20T23:47:21.530053+00:00,24.2
2026-03-21T03:04:30.057158+00:00,24.2
2026-03-21T04:49:48.241063+00:00,24.2
2026-03-21T05:58:15.135783+00:00,24.2
2026-03-21T07:05:59.645552+00:00,24.2
2026-03-21T07:48:37.881842+00:00,24.2
2026-03-21T08:52:51.596125+00:00,24.2
2026-03-21T09:49:03.334003+00:00,24.2
2026-03-21T10:48:35.777078+00:00,24.2
2026-03-21T11:41:02.954800+00:00,24.2
2026-03-21T13:13:34.256886+00:00,24.2
2026-03-21T13:54:36.238718+00:00,24.2
2026-03-21T14:48:25.717950+00:00,24.2
2026-03-21T15:44:13.045037+00:00,24.2
2026-03-21T16:50:08.592968+00:00,24.2
2026-03-21T17:45:34.833544+00:00,24.2
2026-03-21T18:56:30.819085+00:00,24.2
2026-03-21T19:41:14.780626+00:00,24.2
2026-03-21T20:45:46.703556+00:00,24.2
2026-03-21T21:42:44.927204+00:00,24.2
2026-03-21T22:45:57.361713+00:00,24.2
2026-03-21T23:42:58.992545+00:00,24.2
2026-03-22T03:23:03.497052+00:00,24.2
2026-03-22T05:34:43.321896+00:00,24.2
2026-03-22T07:10:40.433641+00:00,24.2
2026-03-22T07:52:50.141297+00:00,24.2
2026-03-22T08:54:04.418909+00:00,24.2
2026-03-22T09:50:47.656262+00:00,24.2
2026-03-22T10:49:46.519843+00:00,24.2
2026-03-22T11:41:45.699652+00:00,24.2
2026-03-22T13:15:48.997129+00:00,24.2
2026-03-22T13:56:10.596644+00:00,24.2
2026-03-22T14:49:14.793209+00:00,24.2
2026-03-22T15:44:47.120771+00:00,24.2
2026-03-22T16:50:40.988158+00:00,24.2
2026-03-22T17:46:14.837864+00:00,24.2
2026-03-22T18:57:49.967671+00:00,24.2
2026-03-22T19:42:42.730788+00:00,24.2
2026-03-22T20:47:14.722714+00:00,24.2
2026-03-22T21:44:55.079664+00:00,24.2
2026-03-22T22:47:22.626584+00:00,24.2
2026-03-22T23:46:42.561567+00:00,24.2
2026-03-23T03:26:11.723962+00:00,24.2
2026-03-23T05:50:38.806528+00:00,24.2
2026-03-23T07:41:56.125862+00:00,24.2
2026-03-23T09:15:22.026127+00:00,24.2
2026-03-23T10:30:20.109156+00:00,24.2
2026-03-23T11:57:25.343192+00:00,24.2
2026-03-23T13:52:43.419296+00:00,24.2
2026-03-23T15:31:22.989259+00:00,24.2
2026-03-23T17:11:46.771657+00:00,24.2
2026-03-23T18:06:51.847209+00:00,24.2
2026-03-23T19:16:08.024737+00:00,24.2
2026-03-23T19:59:42.282097+00:00,24.2
2026-03-23T20:57:13.374937+00:00,24.2
2026-03-23T21:52:13.884062+00:00,24.2
2026-03-23T22:54:50.040438+00:00,24.2
2026-03-23T23:50:47.829358+00:00,24.2
2026-03-24T03:16:34.400721+00:00,24.2
2026-03-24T05:08:39.101773+00:00,24.2
2026-03-24T06:16:47.799371+00:00,24.2
2026-03-24T07:33:31.514803+00:00,24.2
2026-03-24T09:11:24.843064+00:00,24.2
2026-03-24T10:11:37.862859+00:00,24.2
2026-03-24T11:11:35.030546+00:00,24.2
2026-03-24T11:59:43.983070+00:00,24.2
2026-03-24T13:53:42.600656+00:00,24.2
2026-03-24T15:36:41.118264+00:00,24.2
2026-03-24T17:27:59.165121+00:00,24.2
2026-03-24T19:31:56.400297+00:00,24.2
2026-03-24T20:59:54.806762+00:00,24.2
2026-03-24T21:55:26.148611+00:00,24.2
2026-03-24T22:53:45.492531+00:00,24.2
2026-03-24T23:50:06.947978+00:00,24.2
2026-03-25T03:20:59.185336+00:00,24.2
2026-03-25T05:10:04.167474+00:00,24.2
2026-03-25T06:16:43.082795+00:00,24.2
2026-03-25T07:33:01.370133+00:00,24.2
2026-03-25T09:11:31.380187+00:00,24.2
2026-03-25T10:11:26.716409+00:00,24.2
2026-03-25T11:10:15.903647+00:00,24.2
2026-03-25T11:59:04.574470+00:00,24.2
2026-03-25T13:52:35.173561+00:00,24.2
2026-03-25T15:38:24.684853+00:00,24.2
2026-03-25T17:30:51.125509+00:00,24.2
2026-03-25T19:14:01.525805+00:00,24.2
2026-03-25T19:57:28.300791+00:00,24.2
2026-03-25T20:57:08.042577+00:00,24.2
2026-03-25T21:56:24.650569+00:00,24.2
2026-03-25T22:59:06.338654+00:00,24.2
2026-03-25T23:53:31.601483+00:00,24.2
2026-03-26T03:29:46.489657+00:00,24.2
2026-03-26T05:53:32.197843+00:00,24.2
2026-03-26T07:38:50.554601+00:00,24.2
2026-03-26T09:16:42.763428+00:00,24.2
2026-03-26T10:15:39.799294+00:00,24.2
2026-03-26T11:15:20.217994+00:00,24.2
2026-03-26T12:04:01.651495+00:00,24.2
2026-03-26T14:01:38.620216+00:00,24.2
2026-03-26T15:46:08.624123+00:00,24.2
2026-03-26T17:32:04.781030+00:00,24.2
2026-03-26T19:34:30.564166+00:00,24.2
2026-03-26T20:53:02.017203+00:00,24.2
2026-03-26T21:49:14.032939+00:00,24.2
2026-03-26T22:52:14.927003+00:00,24.2
2026-03-26T23:51:52.199553+00:00,24.2
2026-03-27T03:31:58.786999+00:00,24.2
2026-03-27T05:53:29.922938+00:00,24.2
2026-03-27T07:37:38.504235+00:00,24.2
2026-03-27T09:10:21.117434+00:00,24.2
2026-03-27T10:08:52.009220+00:00,24.2
2026-03-27T11:09:34.293869+00:00,24.2
2026-03-27T11:59:03.557230+00:00,24.2
2026-03-27T13:46:16.310686+00:00,24.2
2026-03-27T15:11:57.785721+00:00,24.2
2026-03-27T16:09:46.762366+00:00,24.2
2026-03-27T17:13:11.043276+00:00,24.2
2026-03-27T18:07:03.719748+00:00,24.2
2026-03-27T19:13:21.284045+00:00,24.2
2026-03-27T19:54:18.013980+00:00,24.2
2026-03-27T20:59:21.482376+00:00,24.2
2026-03-27T21:53:29.262194+00:00,24.2
2026-03-27T22:55:43.521664+00:00,24.2
2026-03-27T23:49:08.359782+00:00,24.2
2026-03-28T03:19:04.889360+00:00,24.2
2026-03-28T05:08:35.995434+00:00,24.2
2026-03-28T06:13:34.862959+00:00,24.2
2026-03-28T07:26:36.569478+00:00,24.2
2026-03-28T09:00:03.840880+00:00,24.2
2026-03-28T09:54:40.368671+00:00,24.2
2026-03-28T10:53:52.135016+00:00,24.2
2026-03-28T11:46:50.212212+00:00,24.2
2026-03-28T13:29:01.235498+00:00,24.2
2026-03-28T14:54:02.916619+00:00,24.2
2026-03-28T15:49:13.122743+00:00,24.2
2026-03-28T16:55:58.767240+00:00,24.2
2026-03-28T17:50:09.575683+00:00,24.2
2026-03-28T19:02:48.709756+00:00,24.2
2026-03-28T19:47:27.733193+00:00,24.2
2026-03-28T20:51:33.692937+00:00,24.2
2026-03-28T21:48:41.888344+00:00,24.2
2026-03-28T22:51:15.514836+00:00,24.2
2026-03-28T23:49:43.445351+00:00,24.2
2026-03-29T03:41:23.113473+00:00,24.2
2026-03-29T05:54:37.765516+00:00,24.2
2026-03-29T07:30:51.584642+00:00,24.2
2026-03-29T09:01:08.276199+00:00,24.2
2026-03-29T09:55:58.792408+00:00,24.2
2026-03-29T10:55:51.143458+00:00,24.2
2026-03-29T11:47:30.614211+00:00,24.2
2026-03-29T13:31:41.023111+00:00,24.2
2026-03-29T14:55:41.073808+00:00,24.2
2026-03-29T15:49:47.767948+00:00,24.2
2026-03-29T16:56:22.206701+00:00,24.2
2026-03-29T17:52:09.688029+00:00,24.2
2026-03-29T19:05:15.240438+00:00,24.2
2026-03-29T19:50:01.006434+00:00,24.2
2026-03-29T20:53:01.998991+00:00,24.2
2026-03-29T21:50:42.953024+00:00,24.2
2026-03-29T22:53:56.266344+00:00,24.2
2026-03-29T23:51:25.060208+00:00,24.2
2026-03-30T03:45:07.655242+00:00,24.2
2026-03-30T06:12:42.364312+00:00,24.2
2026-03-30T08:04:21.405876+00:00,24.2
2026-03-30T09:50:43.239868+00:00,24.2
2026-03-30T11:30:11.304533+00:00,24.2
2026-03-30T14:04:41.984173+00:00,24.2
2026-03-30T15:46:04.199092+00:00,24.2
2026-03-30T17:15:09.583665+00:00,24.2
2026-03-30T18:10:25.196331+00:00,24.2
2026-03-30T19:30:58.537664+00:00,24.2
2026-03-30T21:04:18.440413+00:00,24.2
2026-03-30T21:59:38.903259+00:00,24.2
2026-03-30T22:58:50.512190+00:00,24.2
2026-03-30T23:53:28.965961+00:00,24.2
2026-03-31T03:31:51.502588+00:00,24.2
2026-03-31T05:56:42.381720+00:00,24.2
2026-03-31T07:46:55.081341+00:00,24.2
2026-03-31T09:35:35.432063+00:00,24.2
2026-03-31T11:14:18.723033+00:00,24.2
2026-03-31T12:03:53.501760+00:00,24.2
2026-03-31T14:04:34.832431+00:00,24.2
2026-03-31T15:40:26.781551+00:00,24.2
2026-03-31T17:17:08.014911+00:00,24.2
2026-03-31T18:10:53.749647+00:00,24.2
2026-03-31T19:31:03.988715+00:00,24.2
2026-03-31T21:01:56.626926+00:00,24.2
2026-03-31T21:57:27.647460+00:00,24.2
2026-03-31T22:53:48.139191+00:00,24.2
2026-03-31T23:52:39.376693+00:00,24.2
2026-04-01T03:47:21.952521+00:00,24.2
2026-04-01T06:06:55.879019+00:00,24.2
2026-04-01T07:57:20.137236+00:00,24.2
2026-04-01T09:39:37.826218+00:00,24.2
2026-04-01T11:17:04.579028+00:00,24.2
2026-04-01T12:05:31.288462+00:00,24.2
2026-04-01T14:08:22.162358+00:00,24.2
2026-04-01T15:47:27.061015+00:00,24.2
2026-04-01T17:14:39.271315+00:00,24.2
2026-04-01T18:07:35.980584+00:00,24.2
2026-04-01T19:34:04.763852+00:00,24.2
2026-04-01T21:03:37.229691+00:00,24.2
2026-04-01T22:00:31.434748+00:00,24.2
2026-04-01T23:00:13.781500+00:00,24.2
2026-04-01T23:52:42.436994+00:00,24.2
2026-04-02T03:28:37.237408+00:00,24.2
2026-04-02T05:53:08.983257+00:00,24.2
2026-04-02T07:44:38.448161+00:00,24.2
2026-04-02T09:31:08.231895+00:00,24.2
2026-04-02T11:13:12.480418+00:00,24.2
2026-04-02T12:01:55.048318+00:00,24.2
2026-04-02T13:59:26.216579+00:00,24.2
2026-04-02T15:31:07.087252+00:00,24.2
2026-04-02T17:15:36.924439+00:00,24.2
2026-04-02T18:04:45.873907+00:00,24.2
2026-04-02T19:26:53.734644+00:00,24.2
2026-04-02T20:57:25.934989+00:00,24.2
2026-04-02T21:55:07.928940+00:00,24.2
2026-04-02T22:54:35.273718+00:00,24.2
2026-04-02T23:53:15.765944+00:00,24.2
2026-04-03T03:30:03.310163+00:00,24.2
2026-04-03T05:53:10.720579+00:00,24.2
2026-04-03T07:39:47.905355+00:00,24.2
2026-04-03T09:12:17.272847+00:00,24.2
2026-04-03T10:06:04.297117+00:00,24.2
2026-04-03T11:05:39.507761+00:00,24.2
2026-04-03T11:55:43.865696+00:00,24.2
2026-04-03T13:40:16.981196+00:00,24.2
2026-04-03T15:05:08.071778+00:00,24.2
2026-04-03T15:56:35.590026+00:00,24.2
2026-04-03T16:59:13.756160+00:00,24.2
2026-04-03T17:55:06.783816+00:00,24.2
2026-04-03T19:08:23.176915+00:00,24.2
2026-04-03T19:55:01.859232+00:00,24.2
2026-04-03T20:56:45.541671+00:00,24.2
2026-04-03T21:53:19.519115+00:00,24.2
2026-04-03T22:56:01.866621+00:00,24.2
2026-04-03T23:52:52.046597+00:00,24.2
2026-04-04T03:18:56.438764+00:00,24.2
2026-04-04T05:06:54.619185+00:00,24.2
2026-04-04T06:14:57.826604+00:00,24.2
2026-04-04T07:30:56.300608+00:00,24.2
2026-04-04T09:01:57.745041+00:00,24.2
2026-04-04T09:56:37.139225+00:00,24.2
2026-04-04T10:55:44.053917+00:00,24.2
2026-04-04T11:47:38.135530+00:00,24.2
2026-04-04T13:30:37.527777+00:00,24.2
2026-04-04T14:54:47.759011+00:00,24.2
2026-04-04T15:50:16.200585+00:00,24.2
2026-04-04T16:56:43.327881+00:00,24.2
2026-04-04T17:52:02.167090+00:00,24.2
2026-04-04T19:04:54.056566+00:00,24.2
2026-04-04T19:48:32.326545+00:00,24.2
2026-04-04T20:52:35.034204+00:00,24.2
2026-04-04T21:49:50.738383+00:00,24.2
2026-04-04T22:52:29.792170+00:00,24.2
2026-04-04T23:50:00.632084+00:00,24.2
2026-04-05T03:40:50.049601+00:00,24.2
2026-04-05T05:55:45.876761+00:00,24.2
2026-04-05T07:34:40.089524+00:00,24.2
2026-04-05T09:02:33.243540+00:00,24.2
2026-04-05T09:59:13.320047+00:00,24.2
2026-04-05T10:57:01.747510+00:00,24.2
2026-04-05T11:47:39.967250+00:00,24.2
2026-04-05T13:32:04.768381+00:00,24.2
2026-04-05T14:56:38.763128+00:00,24.2
2026-04-05T15:51:01.426854+00:00,24.2
2026-04-05T16:58:12.816105+00:00,24.2
2026-04-05T17:52:26.253898+00:00,24.2
2026-04-05T19:06:24.358851+00:00,24.2
2026-04-05T19:51:37.372360+00:00,24.2
2026-04-05T20:53:59.560038+00:00,24.2
2026-04-05T21:50:13.824310+00:00,24.2
2026-04-05T22:54:33.874926+00:00,24.2
2026-04-05T23:52:11.050263+00:00,24.2
2026-04-06T03:43:55.140866+00:00,24.2
2026-04-06T06:12:09.579814+00:00,24.2
2026-04-06T08:05:46.670937+00:00,24.2
2026-04-06T09:44:11.079044+00:00,24.2
2026-04-06T11:14:42.766904+00:00,24.2
2026-04-06T12:01:50.155702+00:00,24.2
2026-04-06T13:48:57.733032+00:00,24.2
2026-04-06T15:08:56.940497+00:00,24.2
2026-04-06T16:03:18.621050+00:00,24.2
2026-04-06T17:09:30.210804+00:00,24.2
2026-04-06T18:07:39.891341+00:00,24.2
2026-04-06T19:32:31.744291+00:00,24.2
2026-04-06T20:57:47.372279+00:00,24.2
2026-04-06T21:54:23.359075+00:00,24.2
2026-04-06T22:59:02.542004+00:00,24.2
2026-04-06T23:54:01.789906+00:00,24.2
2026-04-07T03:33:23.349643+00:00,24.2
2026-04-07T05:58:10.850313+00:00,24.2
2026-04-07T07:52:27.924395+00:00,24.2
2026-04-07T09:38:18.797178+00:00,24.2
2026-04-07T11:17:06.340793+00:00,24.2
2026-04-07T12:05:58.385044+00:00,24.2
2026-04-07T14:04:15.304011+00:00,24.2
2026-04-07T15:48:53.080886+00:00,24.2
2026-04-07T17:29:35.723000+00:00,24.2
2026-04-07T19:34:22.553390+00:00,24.2
2026-04-07T21:06:22.753805+00:00,24.2
2026-04-07T22:00:31.394034+00:00,24.2
2026-04-07T23:01:36.684957+00:00,24.2
2026-04-07T23:55:47.647110+00:00,24.2
2026-04-08T03:35:40.986943+00:00,24.2
2026-04-08T06:00:13.815169+00:00,24.2
2026-04-08T07:55:28.175719+00:00,24.2
2026-04-08T09:38:05.833858+00:00,24.2
2026-04-08T11:16:56.526555+00:00,24.2
2026-04-08T12:05:45.625949+00:00,24.2
2026-04-08T14:05:02.945624+00:00,24.2
2026-04-08T15:50:21.894010+00:00,24.2
2026-04-08T17:36:03.360776+00:00,24.2
2026-04-08T19:43:28.875716+00:00,24.2
2026-04-08T21:04:54.292164+00:00,24.2
2026-04-08T22:02:38.844435+00:00,24.2
2026-04-08T23:03:21.436450+00:00,24.2
2026-04-08T23:54:47.019408+00:00,24.2
2026-04-09T03:31:00.965393+00:00,24.2
2026-04-09T05:59:40.685913+00:00,24.2
2026-04-09T07:57:18.898982+00:00,24.2
2026-04-09T09:43:44.430986+00:00,24.2
2026-04-09T11:28:47.010152+00:00,24.2
2026-04-09T14:17:14.989238+00:00,24.2
2026-04-09T15:58:00.439022+00:00,24.2
2026-04-09T17:33:41.722511+00:00,24.2
2026-04-09T19:42:05.976646+00:00,24.2
2026-04-09T21:05:40.974453+00:00,24.2
2026-04-09T22:00:46.490972+00:00,24.2
2026-04-09T23:04:01.234669+00:00,24.2
2026-04-09T23:56:13.781674+00:00,24.2
2026-04-10T03:43:48.632366+00:00,24.2
2026-04-10T06:11:46.490373+00:00,24.2
2026-04-10T08:02:21.067286+00:00,24.2
2026-04-10T09:41:21.599364+00:00,24.2
2026-04-10T11:14:27.585900+00:00,24.2
2026-04-10T12:02:53.835176+00:00,24.2
2026-04-10T13:52:41.410837+00:00,24.2
2026-04-10T15:10:02.012657+00:00,24.2
2026-04-10T16:10:48.605335+00:00,24.2
2026-04-10T17:10:13.654090+00:00,24.2
2026-04-10T18:04:29.834858+00:00,24.2
2026-04-10T19:15:02.072580+00:00,24.2
2026-04-10T19:57:38.703702+00:00,24.2
2026-04-10T20:58:31.451801+00:00,24.2
2026-04-10T21:56:38.352344+00:00,24.2
2026-04-10T22:58:45.975116+00:00,24.2
2026-04-10T23:54:37.504128+00:00,24.2
2026-04-11T03:22:26.660022+00:00,24.2
2026-04-11T05:41:35.790577+00:00,24.2
2026-04-11T07:31:12.171131+00:00,24.2
2026-04-11T09:04:13.864160+00:00,24.2
2026-04-11T09:59:28.233861+00:00,24.2
2026-04-11T10:57:29.202418+00:00,24.2
2026-04-11T11:48:58.441797+00:00,24.2
2026-04-11T13:32:49.117737+00:00,24.2
2026-04-11T14:57:55.659434+00:00,24.2
2026-04-11T15:50:14.241365+00:00,24.2
2026-04-11T16:58:27.233005+00:00,24.2
2026-04-11T17:52:29.705277+00:00,24.2
2026-04-11T19:07:24.089852+00:00,24.2
2026-04-11T19:52:22.074363+00:00,24.2
2026-04-11T20:54:08.285272+00:00,24.2
2026-04-11T21:52:01.752487+00:00,24.2
2026-04-11T22:55:36.276767+00:00,24.2
2026-04-11T23:53:36.387890+00:00,24.2
2026-04-12T03:48:20.209337+00:00,24.2
2026-04-12T06:06:26.790692+00:00,24.2
2026-04-12T07:46:36.714087+00:00,24.2
2026-04-12T09:08:03.672329+00:00,24.2
2026-04-12T10:03:39.874517+00:00,24.2
2026-04-12T11:02:36.915663+00:00,24.2
2026-04-12T11:51:13.910271+00:00,24.2
2026-04-12T13:36:49.936150+00:00,24.2
2026-04-12T15:00:04.658497+00:00,24.2
2026-04-12T15:54:44.846401+00:00,24.2
2026-04-12T16:59:52.522052+00:00,24.2
2026-04-12T17:54:46.784676+00:00,24.2
2026-04-12T19:10:27.929527+00:00,24.2
2026-04-12T19:54:54.650127+00:00,24.2
2026-04-12T20:56:40.916939+00:00,24.2
2026-04-12T21:53:38.363194+00:00,24.2
2026-04-12T22:58:15.365399+00:00,24.2
2026-04-12T23:55:16.612122+00:00,24.2
2026-04-13T03:55:15.339325+00:00,24.2
2026-04-13T06:28:55.232998+00:00,24.2
2026-04-13T09:14:24.852648+00:00,24.2
2026-04-13T10:58:02.386284+00:00,24.2
2026-04-13T12:13:10.857822+00:00,24.2
2026-04-13T14:11:39.529925+00:00,24.2
2026-04-13T15:49:52.821638+00:00,24.2
2026-04-13T17:34:27.736105+00:00,24.2
2026-04-13T19:43:51.835250+00:00,24.2
2026-04-13T21:10:56.043060+00:00,24.2
2026-04-13T22:05:21.805643+00:00,24.2
2026-04-13T23:05:33.318017+00:00,24.2
2026-04-14T00:02:23.650015+00:00,24.2
2026-04-14T03:45:14.005797+00:00,24.2
2026-04-14T06:13:10.884726+00:00,24.2
2026-04-14T08:08:04.635545+00:00,24.2
2026-04-14T09:51:58.955708+00:00,24.2
2026-04-14T11:32:21.682766+00:00,24.2
2026-04-14T14:15:56.991270+00:00,24.2
2026-04-14T15:44:47.730892+00:00,24.2
2026-04-14T17:37:42.422034+00:00,24.2
2026-04-14T19:45:20.318459+00:00,24.2
2026-04-14T21:10:34.968773+00:00,24.2
2026-04-14T22:07:44.441265+00:00,24.2
2026-04-14T23:06:44.082053+00:00,24.2
2026-04-15T00:02:43.232952+00:00,24.2
2026-04-15T03:44:08.060398+00:00,24.2
2026-04-15T06:13:51.677329+00:00,24.2
2026-04-15T08:09:52.606179+00:00,24.2
2026-04-15T09:53:05.811845+00:00,24.2
2026-04-15T11:30:10.652253+00:00,24.2
2026-04-15T14:07:32.086802+00:00,24.2
2026-04-15T15:41:05.657874+00:00,24.2
2026-04-15T17:35:12.414177+00:00,24.2
2026-04-15T19:46:28.890502+00:00,24.2
2026-04-15T21:09:54.233264+00:00,24.2
2026-04-15T22:06:24.374038+00:00,24.2
2026-04-15T23:04:27.031335+00:00,24.2
2026-04-16T00:02:03.252378+00:00,24.2
2026-04-16T03:49:41.488174+00:00,24.2
2026-04-16T06:15:19.695647+00:00,24.2
2026-04-16T08:08:37.341469+00:00,24.2
2026-04-16T09:52:22.034430+00:00,24.2
2026-04-16T11:33:42.063773+00:00,24.2
2026-04-16T14:17:50.475199+00:00,24.2
2026-04-16T15:59:15.468212+00:00,24.2
2026-04-16T17:47:27.111294+00:00,24.2
2026-04-16T19:40:03.315935+00:00,24.2
2026-04-16T21:06:27.037503+00:00,24.2
2026-04-16T22:01:53.665489+00:00,24.2
2026-04-16T23:05:33.691056+00:00,24.2
2026-04-17T00:00:43.987588+00:00,24.2
2026-04-17T03:47:34.403367+00:00,24.2
2026-04-17T06:16:05.666761+00:00,24.2
2026-04-17T08:07:54.083539+00:00,24.2
2026-04-17T09:50:41.232923+00:00,24.2
2026-04-17T11:15:20.245011+00:00,24.2
2026-04-17T12:07:33.528523+00:00,24.2
2026-04-17T14:00:15.906409+00:00,24.2
2026-04-17T15:32:36.453284+00:00,24.2
2026-04-17T17:11:29.040571+00:00,24.2
2026-04-17T18:08:39.070078+00:00,24.2
2026-04-17T19:34:07.034057+00:00,24.2
2026-04-17T21:05:36.736961+00:00,24.2
2026-04-17T22:03:27.552111+00:00,24.2
2026-04-17T23:04:31.874130+00:00,24.2
2026-04-17T23:58:13.919261+00:00,24.2
2026-04-18T03:32:26.837646+00:00,24.2
2026-04-18T05:53:30.085981+00:00,24.2
2026-04-18T07:37:06.865920+00:00,24.2
2026-04-18T09:07:10.134382+00:00,24.2
2026-04-18T10:04:41.610197+00:00,24.2
2026-04-18T11:04:06.021182+00:00,24.2
2026-04-18T11:52:28.737506+00:00,24.2
2026-04-18T13:37:44.942828+00:00,24.2
2026-04-18T15:01:24.518769+00:00,24.2
2026-04-18T15:56:20.074454+00:00,24.2
2026-04-18T17:00:34.067660+00:00,24.2
2026-04-18T17:55:05.565487+00:00,24.2
2026-04-18T19:11:36.905889+00:00,24.2
2026-04-18T19:55:20.475167+00:00,24.2
2026-04-18T20:57:12.166614+00:00,24.2
2026-04-18T21:53:43.986141+00:00,24.2
2026-04-18T22:57:48.340522+00:00,24.2
2026-04-18T23:54:48.469602+00:00,24.2
2026-04-19T03:51:55.616684+00:00,24.2
2026-04-19T06:10:26.128083+00:00,24.2
2026-04-19T07:49:52.228876+00:00,24.2
2026-04-19T09:09:58.124372+00:00,24.2
2026-04-19T10:03:49.063265+00:00,24.2
2026-04-19T11:02:54.018541+00:00,24.2
2026-04-19T11:53:09.758960+00:00,24.2
2026-04-19T13:36:46.204085+00:00,24.2
2026-04-19T15:01:49.519149+00:00,24.2
2026-04-19T15:56:23.370329+00:00,24.2
2026-04-19T17:00:19.127404+00:00,24.2
2026-04-19T17:55:22.815756+00:00,24.2
2026-04-19T19:10:55.371298+00:00,24.2
2026-04-19T19:56:05.696198+00:00,24.2
2026-04-19T20:57:48.672956+00:00,24.2
2026-04-19T21:53:50.943166+00:00,24.2
2026-04-19T22:58:42.853157+00:00,24.2
2026-04-19T23:55:30.297734+00:00,24.2
2026-04-20T03:54:18.844442+00:00,24.2
2026-04-20T06:29:00.620781+00:00,24.2
2026-04-20T09:21:45.902700+00:00,24.2
2026-04-20T11:46:37.365780+00:00,24.2
2026-04-20T14:16:29.094226+00:00,24.2
2026-04-20T15:48:01.519470+00:00,24.2
2026-04-20T17:32:17.771925+00:00,24.2
2026-04-20T19:36:43.003419+00:00,24.2
2026-04-20T21:04:27.780754+00:00,24.2
2026-04-20T22:05:32.925697+00:00,24.2
2026-04-20T23:05:20.223172+00:00,24.2
2026-04-21T00:01:44.232739+00:00,24.2
2026-04-21T03:47:54.795460+00:00,24.2
2026-04-21T06:15:49.180130+00:00,24.2
2026-04-21T08:12:29.725965+00:00,24.2
2026-04-21T09:54:44.395259+00:00,24.2
2026-04-21T11:34:45.874523+00:00,24.2
2026-04-21T14:11:53.974003+00:00,24.2
2026-04-21T15:46:59.850413+00:00,24.2
2026-04-21T17:30:53.523953+00:00,24.2
2026-04-21T19:41:15.282987+00:00,24.2
2026-04-21T21:08:21.145472+00:00,24.2
2026-04-21T22:02:43.246313+00:00,24.2
2026-04-21T23:01:40.084117+00:00,24.2
2026-04-21T23:54:34.795434+00:00,24.2
2026-04-22T03:44:43.039369+00:00,24.2
2026-04-22T06:14:47.621170+00:00,24.2
2026-04-22T08:11:19.964758+00:00,24.2
2026-04-22T09:55:42.245169+00:00,24.2
2026-04-22T11:34:19.082128+00:00,24.2
2026-04-22T14:12:37.475308+00:00,24.2
2026-04-22T15:45:22.257383+00:00,24.2
2026-04-22T17:29:04.587971+00:00,24.2
2026-04-22T19:44:06.478770+00:00,24.2
2026-04-22T21:12:04.288265+00:00,24.2
2026-04-22T22:07:16.568723+00:00,24.2
2026-04-22T23:08:58.900636+00:00,24.2
2026-04-23T00:05:05.875779+00:00,24.2
2026-04-23T03:50:08.883127+00:00,24.2
2026-04-23T06:19:33.711325+00:00,24.2
2026-04-23T08:15:07.584372+00:00,24.2
2026-04-23T09:59:26.982415+00:00,24.2
2026-04-23T11:34:50.989185+00:00,24.2
2026-04-23T14:15:54.233455+00:00,24.2
2026-04-23T16:12:55.654366+00:00,24.2
2026-04-23T17:50:36.740722+00:00,24.2
2026-04-23T19:44:43.553157+00:00,24.2
2026-04-23T21:10:53.170634+00:00,24.2
2026-04-23T22:04:38.869194+00:00,24.2
2026-04-23T23:09:41.733248+00:00,24.2
2026-04-24T00:05:10.900301+00:00,24.2
2026-04-24T03:54:00.662297+00:00,24.2
2026-04-24T06:22:02.228920+00:00,24.2
2026-04-24T09:13:16.740121+00:00,24.2
2026-04-24T10:47:35.995163+00:00,24.2
2026-04-24T12:09:51.677489+00:00,24.2
2026-04-24T14:11:03.100898+00:00,24.2
2026-04-24T15:40:56.675516+00:00,24.2
2026-04-24T17:16:24.901547+00:00,24.2
2026-04-24T18:03:46.357391+00:00,24.2
2026-04-24T19:15:06.395721+00:00,24.2
2026-04-24T20:04:31.628152+00:00,24.2
2026-04-24T21:09:08.356852+00:00,24.2
2026-04-24T22:05:10.833055+00:00,24.2
2026-04-24T23:01:49.681070+00:00,24.2
2026-04-24T23:58:01.818004+00:00,24.2
2026-04-25T03:35:34.719461+00:00,24.2
2026-04-25T06:00:43.647436+00:00,24.2
2026-04-25T07:48:39.221637+00:00,24.2
2026-04-25T09:13:39.571838+00:00,24.2
2026-04-25T10:09:22.386583+00:00,24.2
2026-04-25T11:06:46.769732+00:00,24.2
2026-04-25T11:57:11.783856+00:00,24.2
2026-04-25T13:40:55.584678+00:00,24.2
2026-04-25T15:04:26.871011+00:00,24.2
2026-04-25T15:58:40.300530+00:00,24.2
2026-04-25T17:03:56.235075+00:00,24.2
2026-04-25T17:59:02.354095+00:00,24.2
2026-04-25T19:13:39.530716+00:00,24.2
2026-04-25T19:57:00.900186+00:00,24.2
2026-04-25T20:59:39.656980+00:00,24.2
2026-04-25T21:55:12.974969+00:00,24.2
2026-04-25T22:59:55.772406+00:00,24.2
2026-04-25T23:57:27.784038+00:00,24.2
2026-04-26T03:58:32.470172+00:00,24.2
2026-04-26T06:21:01.991173+00:00,24.2
2026-04-26T07:58:48.460657+00:00,24.2
2026-04-26T09:15:36.884108+00:00,24.2
2026-04-26T10:10:38.049700+00:00,24.2
2026-04-26T11:07:30.679672+00:00,24.2
2026-04-26T11:59:00.978969+00:00,24.2
2026-04-26T13:43:26.971548+00:00,24.2
2026-04-26T15:05:09.165392+00:00,24.2
2026-04-26T16:00:37.319731+00:00,24.2
2026-04-26T17:05:33.709695+00:00,24.2
2026-04-26T18:00:06.755543+00:00,24.2
2026-04-26T19:15:35.767253+00:00,24.2
2026-04-26T19:58:58.734103+00:00,24.2
2026-04-26T21:00:08.909803+00:00,24.2
2026-04-26T21:56:13.042463+00:00,24.2
2026-04-26T23:01:11.227145+00:00,24.2
2026-04-26T23:58:40.942372+00:00,24.2
2026-04-27T04:02:46.286217+00:00,24.2
2026-04-27T06:43:26.147729+00:00,24.2
2026-04-27T09:33:10.711378+00:00,24.2
2026-04-27T12:01:28.351762+00:00,24.2
2026-04-27T14:30:41.687676+00:00,24.2
2026-04-27T16:59:07.425801+00:00,24.2
2026-04-27T18:44:56.002238+00:00,24.2
2026-04-27T20:35:58.771534+00:00,24.2
2026-04-27T22:10:38.426270+00:00,24.2
2026-04-27T23:13:15.897844+00:00,24.2
2026-04-28T00:09:24.588014+00:00,24.2
2026-04-28T04:09:29.624684+00:00,24.2
2026-04-28T07:10:11.364330+00:00,24.2
2026-04-28T09:36:50.444335+00:00,24.2
2026-04-28T12:06:32.479776+00:00,24.2
2026-04-28T17:06:17.922561+00:00,24.2
2026-04-28T18:56:57.424083+00:00,24.2
2026-04-28T20:44:18.844314+00:00,24.2
2026-04-28T22:15:18.112682+00:00,24.2
2026-04-28T23:14:09.324722+00:00,24.2
2026-04-29T00:11:16.722371+00:00,24.2
2026-04-29T04:06:30.977189+00:00,24.2
2026-04-29T06:40:09.061149+00:00,24.2
2026-04-29T09:29:16.277027+00:00,24.2
2026-04-29T11:55:51.059033+00:00,24.2
2026-04-29T14:33:56.588626+00:00,24.2
2026-04-29T16:56:01.389094+00:00,24.2
2026-04-29T18:51:58.881532+00:00,24.2
2026-04-29T20:36:49.369834+00:00,24.2
2026-04-29T22:14:06.405723+00:00,24.2
2026-04-29T23:14:19.940770+00:00,24.2
2026-04-30T00:11:27.667710+00:00,24.2
2026-04-30T04:08:04.812472+00:00,24.2
2026-04-30T06:44:09.716692+00:00,24.2
2026-04-30T09:30:53.105776+00:00,24.2
2026-04-30T11:55:01.779452+00:00,24.2
2026-04-30T14:27:04.608208+00:00,24.2
2026-04-30T16:51:10.152065+00:00,24.2
2026-04-30T18:49:09.511316+00:00,24.2
2026-04-30T20:36:13.750207+00:00,24.2
2026-04-30T22:13:50.984717+00:00,24.2
2026-04-30T23:13:56.398428+00:00,24.2
2026-05-01T00:10:25.951987+00:00,24.2
2026-05-01T04:32:22.201780+00:00,24.2
2026-05-01T07:39:08.882518+00:00,24.2
2026-05-01T09:59:35.287638+00:00,24.2
2026-05-01T11:34:59.153619+00:00,24.2
2026-05-01T13:56:53.450721+00:00,24.2
2026-05-01T15:29:40.789432+00:00,24.2
2026-05-01T17:30:23.505235+00:00,24.2
2026-05-01T19:44:54.588504+00:00,24.2
2026-05-01T21:10:14.149991+00:00,24.2
2026-05-01T22:08:25.586626+00:00,24.2
2026-05-01T23:10:42.170823+00:00,24.2
2026-05-02T00:08:46.543504+00:00,24.2
2026-05-02T03:55:13.738712+00:00,24.2
2026-05-02T06:21:49.361060+00:00,24.2
2026-05-02T08:46:12.745355+00:00,24.2
2026-05-02T10:13:26.985051+00:00,24.2
2026-05-02T11:11:00.638865+00:00,24.2
2026-05-02T12:02:44.101705+00:00,24.2
2026-05-02T13:51:21.529519+00:00,24.2
2026-05-02T15:08:04.866968+00:00,24.2
2026-05-02T16:03:23.202630+00:00,24.2
2026-05-02T17:09:29.255629+00:00,24.2
2026-05-02T18:05:06.660326+00:00,24.2
2026-05-02T19:29:55.705535+00:00,24.2
2026-05-02T21:02:52.973163+00:00,24.2
2026-05-02T22:02:14.920875+00:00,24.2
2026-05-02T23:05:02.866317+00:00,24.2
2026-05-03T00:03:24.393984+00:00,24.2
2026-05-03T04:14:15.977675+00:00,24.2
2026-05-03T06:44:03.452202+00:00,24.2
2026-05-03T08:58:54.856261+00:00,24.2
2026-05-03T10:28:31.829882+00:00,24.2
2026-05-03T12:00:28.524321+00:00,24.2
2026-05-03T13:51:39.305535+00:00,24.2
2026-05-03T15:08:06.030744+00:00,24.2
2026-05-03T16:03:16.794175+00:00,24.2
2026-05-03T17:11:12.974455+00:00,24.2
2026-05-03T18:06:40.416240+00:00,24.2
2026-05-03T19:30:36.733896+00:00,24.2
2026-05-03T21:05:39.722920+00:00,24.2
2026-05-03T22:03:43.131007+00:00,24.2
2026-05-03T23:06:57.774536+00:00,24.2
2026-05-04T00:06:47.724380+00:00,24.2
2026-05-04T04:13:06.690181+00:00,24.2
2026-05-04T07:28:19.406312+00:00,24.2
2026-05-04T10:27:21.582826+00:00,24.2
2026-05-04T12:59:46.007733+00:00,24.2
2026-05-04T15:24:54.790270+00:00,24.2
2026-05-04T17:55:48.707638+00:00,24.2
2026-05-04T19:58:41.562083+00:00,24.2
2026-05-04T21:33:58.632873+00:00,24.2
2026-05-04T23:13:59.353932+00:00,24.2
2026-05-05T00:11:44.760044+00:00,24.2
2026-05-05T03:53:36.737812+00:00,24.2
2026-05-05T06:31:06.738210+00:00,24.2
2026-05-05T09:24:02.367780+00:00,24.2
2026-05-05T11:43:10.385568+00:00,24.2
2026-05-05T14:29:03.726520+00:00,24.2
2026-05-05T16:58:10.093839+00:00,24.2
2026-05-05T18:49:50.085546+00:00,24.2
2026-05-05T20:36:02.914046+00:00,24.2
2026-05-05T22:15:51.755653+00:00,24.2
2026-05-05T23:14:37.890656+00:00,24.2
2026-05-06T00:08:44.726175+00:00,24.2
2026-05-06T04:09:28.551464+00:00,24.2
2026-05-06T07:11:39.967484+00:00,24.2
2026-05-06T09:37:46.939406+00:00,24.2
2026-05-06T12:12:16.321854+00:00,24.2
2026-05-06T15:05:50.394236+00:00,24.2
2026-05-06T16:56:38.168665+00:00,24.2
2026-05-06T19:04:16.393132+00:00,24.2
2026-05-06T20:49:10.305555+00:00,24.2
2026-05-06T22:10:22.998732+00:00,24.2
2026-05-06T23:09:50.959334+00:00,24.2
2026-05-07T00:07:50.797955+00:00,24.2
2026-05-07T04:08:48.841048+00:00,24.2
2026-05-07T07:21:29.480325+00:00,24.2
2026-05-07T10:36:34.724063+00:00,24.2
2026-05-07T13:10:38.302883+00:00,24.2
2026-05-07T15:39:26.396895+00:00,24.2
2026-05-07T17:59:58.804229+00:00,24.2
2026-05-07T19:57:03.113356+00:00,24.2
2026-05-07T21:16:51.489599+00:00,24.2
2026-05-07T22:31:09.866712+00:00,24.2
2026-05-08T00:10:54.876353+00:00,24.2
2026-05-08T03:56:22.193478+00:00,24.2
2026-05-08T06:11:57.135462+00:00,24.2
2026-05-08T08:01:32.937316+00:00,24.2
2026-05-08T09:58:08.336691+00:00,24.2
2026-05-08T11:48:30.643640+00:00,24.2
2026-05-08T14:19:17.330977+00:00,24.2
2026-05-08T15:56:16.628512+00:00,24.2
2026-05-08T17:47:25.899871+00:00,24.2
2026-05-08T19:49:03.294546+00:00,24.2
2026-05-08T21:30:45.543611+00:00,24.2
2026-05-08T23:14:38.588084+00:00,24.2
2026-05-09T00:14:13.795822+00:00,24.2
2026-05-09T04:00:36.459429+00:00,24.2
2026-05-09T06:30:06.860097+00:00,24.2
2026-05-09T08:54:58.458281+00:00,24.2
2026-05-09T10:29:46.681343+00:00,24.2
2026-05-09T12:05:31.203763+00:00,24.2
2026-05-09T13:55:49.806694+00:00,24.2
2026-05-09T15:15:26.856835+00:00,24.2
2026-05-09T16:11:52.232923+00:00,24.2
2026-05-09T17:16:06.033377+00:00,24.2
2026-05-09T18:09:32.128657+00:00,24.2
2026-05-09T19:36:51.993491+00:00,24.2
2026-05-09T21:05:54.931342+00:00,24.2
2026-05-09T22:04:30.424783+00:00,24.2
2026-05-09T23:08:41.759506+00:00,24.2
2026-05-10T00:07:45.449798+00:00,24.2
2026-05-10T04:28:33.092176+00:00,24.2
2026-05-10T07:36:27.107366+00:00,24.2
2026-05-10T09:49:40.957273+00:00,24.2
2026-05-10T11:16:23.034296+00:00,24.2
2026-05-10T12:07:06.780539+00:00,24.2
2026-05-10T13:57:50.196378+00:00,24.2
2026-05-10T15:16:37.711686+00:00,24.2
2026-05-10T16:13:48.545510+00:00,24.2
2026-05-10T17:16:19.029049+00:00,24.2
2026-05-10T18:10:33.947246+00:00,24.2
2026-05-10T19:36:34.663767+00:00,24.2
2026-05-10T21:08:41.397447+00:00,24.2
2026-05-10T22:07:11.098564+00:00,24.2
2026-05-10T23:12:05.801392+00:00,24.2
2026-05-11T00:10:56.238009+00:00,24.2
2026-05-11T04:39:54.378661+00:00,24.2
2026-05-11T08:38:59.193708+00:00,24.2
2026-05-11T12:25:36.405298+00:00,24.2
2026-05-11T16:12:42.166180+00:00,24.2
2026-05-11T18:11:45.987487+00:00,24.2
2026-05-11T20:08:36.395142+00:00,24.2
2026-05-11T21:45:09.054834+00:00,24.2
2026-05-11T23:15:00.976388+00:00,24.2
2026-05-12T00:14:31.105673+00:00,24.2
2026-05-12T04:10:47.450219+00:00,24.2
2026-05-12T07:19:56.426815+00:00,24.2
2026-05-12T10:02:19.262076+00:00,24.2
2026-05-12T12:21:30.983626+00:00,24.2
2026-05-12T15:46:53.260803+00:00,24.2
2026-05-12T18:19:56.197493+00:00,24.2
2026-05-12T20:12:36.884996+00:00,24.2
2026-05-12T21:44:15.399280+00:00,24.2
2026-05-12T23:31:39.988502+00:00,24.2
2026-05-13T04:16:48.307109+00:00,24.2
2026-05-13T07:31:44.102702+00:00,24.2
2026-05-13T10:46:18.383755+00:00,24.2
2026-05-13T13:32:10.859487+00:00,24.2
2026-05-13T16:37:05.309009+00:00,24.2
2026-05-13T19:12:07.871351+00:00,24.2
2026-05-13T20:59:17.828269+00:00,24.2
2026-05-13T22:40:55.262774+00:00,24.2
2026-05-14T01:22:34.578900+00:00,24.2
2026-05-14T05:58:52.108119+00:00,24.2
2026-05-14T09:11:25.926860+00:00,24.2
2026-05-14T11:23:19.278354+00:00,24.2
2026-05-14T14:47:16.356621+00:00,24.2
2026-05-14T17:14:28.694583+00:00,24.2
2026-05-14T19:12:40.619999+00:00,24.2
2026-05-14T20:48:40.161110+00:00,24.2
2026-05-14T22:33:27.581403+00:00,24.2
2026-05-15T00:13:55.538717+00:00,24.2
2026-05-15T04:31:53.384292+00:00,24.2
2026-05-15T08:18:57.873519+00:00,24.2
2026-05-15T10:41:04.842629+00:00,24.2
2026-05-15T13:09:51.862636+00:00,24.2
2026-05-15T15:32:00.718180+00:00,24.2
2026-05-15T17:55:10.732197+00:00,24.2
2026-05-15T19:56:27.711945+00:00,24.2
2026-05-15T21:31:05.217108+00:00,24.2
2026-05-15T23:15:11.737409+00:00,24.2
2026-05-16T00:10:56.387920+00:00,24.2
2026-05-16T04:06:25.069214+00:00,24.2
2026-05-16T06:38:17.955079+00:00,24.2
2026-05-16T09:05:54.817984+00:00,24.2
2026-05-16T10:40:31.912088+00:00,24.2
2026-05-16T12:10:46.241164+00:00,24.2
2026-05-16T14:02:06.542010+00:00,24.2
2026-05-16T15:30:52.021112+00:00,24.2
2026-05-16T17:28:01.438107+00:00,24.2
2026-05-16T19:36:15.848714+00:00,24.2
2026-05-16T21:06:55.008491+00:00,24.2
2026-05-16T22:07:42.715927+00:00,24.2
2026-05-16T23:11:21.708560+00:00,24.2
2026-05-17T00:10:40.893110+00:00,24.2
2026-05-17T04:35:22.686855+00:00,24.2
2026-05-17T07:45:25.919171+00:00,24.2
2026-05-17T10:01:05.359384+00:00,24.2
2026-05-17T11:35:09.589496+00:00,24.2
2026-05-17T14:00:33.787757+00:00,24.2
2026-05-17T15:31:55.308357+00:00,24.2
2026-05-17T17:30:23.633937+00:00,24.2
2026-05-17T19:41:08.910440+00:00,24.2
2026-05-17T21:10:41.711576+00:00,24.2
2026-05-17T22:10:36.622098+00:00,24.2
2026-05-17T23:14:16.745035+00:00,24.2
2026-05-18T00:14:43.266024+00:00,24.2
2026-05-18T04:47:09.868199+00:00,24.2
2026-05-18T08:54:34.327071+00:00,24.2
2026-05-18T12:48:36.316201+00:00,24.2
2026-05-18T16:36:33.932427+00:00,24.2
2026-05-18T19:08:49.813014+00:00,24.2
2026-05-18T20:49:23.621317+00:00,24.2
2026-05-18T22:16:12.305797+00:00,24.2
2026-05-18T23:32:50.269911+00:00,24.2
2026-05-19T04:36:41.882624+00:00,24.2
2026-05-19T08:40:24.613338+00:00,24.2
2026-05-19T12:22:45.594503+00:00,24.2
2026-05-19T16:32:30.932996+00:00,24.2
2026-05-19T19:20:54.053109+00:00,24.2
2026-05-19T20:57:34.601749+00:00,24.2
2026-05-19T22:40:37.140061+00:00,24.2
2026-05-20T01:27:42.425475+00:00,24.2
2026-05-20T06:29:48.892649+00:00,24.2
2026-05-20T10:30:05.492559+00:00,24.2
2026-05-20T14:00:17.046280+00:00,24.2
2026-05-20T17:34:44.644201+00:00,24.2
2026-05-20T20:31:50.186334+00:00,24.2
2026-05-20T22:46:29.905793+00:00,24.2
2026-05-21T01:28:30.833699+00:00,24.2
2026-05-21T06:31:05.020275+00:00,24.2
2026-05-21T10:50:24.382247+00:00,24.2
2026-05-21T14:18:30.825801+00:00,24.2
2026-05-21T17:08:03.692732+00:00,24.2
2026-05-21T19:21:07.484451+00:00,24.2
2026-05-21T21:08:25.607785+00:00,24.2
2026-05-21T22:45:20.640514+00:00,24.2
2026-05-22T01:26:24.668035+00:00,24.2
2026-05-22T06:28:50.311970+00:00,24.2
2026-05-22T10:29:28.031212+00:00,24.2
2026-05-22T13:39:24.867184+00:00,24.2
2026-05-22T16:38:59.612563+00:00,24.2
2026-05-22T19:07:40.283851+00:00,24.2
2026-05-22T20:51:02.086194+00:00,24.2
2026-05-22T22:30:33.424862+00:00,24.2
2026-05-23T01:20:05.327973+00:00,24.2
2026-05-23T04:55:39.332382+00:00,24.2
2026-05-23T07:44:52.078979+00:00,24.2
2026-05-23T10:08:47.080159+00:00,24.2
2026-05-23T11:37:53.380713+00:00,24.2
2026-05-23T14:05:46.626998+00:00,24.2
2026-05-23T15:35:13.883845+00:00,24.2
2026-05-23T17:30:23.074163+00:00,24.2
2026-05-23T19:40:14.769634+00:00,24.2
2026-05-23T21:10:40.228277+00:00,24.2
2026-05-23T22:10:31.678952+00:00,24.2
2026-05-23T23:13:54.003013+00:00,24.2
2026-05-24T00:15:39.489078+00:00,24.2
2026-05-24T04:43:52.592545+00:00,24.2
2026-05-24T08:01:49.321431+00:00,24.2
2026-05-24T10:13:56.445004+00:00,24.2
2026-05-24T11:45:08.883882+00:00,24.2
2026-05-24T14:04:17.369056+00:00,24.2
2026-05-24T15:38:21.580362+00:00,24.2
2026-05-24T17:28:09.776083+00:00,24.2
2026-05-24T19:44:00.772625+00:00,24.2
2026-05-24T21:14:35.623361+00:00,24.2
2026-05-24T22:14:42.417988+00:00,24.2
2026-05-24T23:29:55.355217+00:00,24.2
2026-05-25T04:57:22.912149+00:00,24.2
2026-05-25T12:46:15.296789+00:00,24.2
2026-05-25T16:04:34.950907+00:00,24.2
2026-05-25T18:01:49.238951+00:00,24.2
2026-05-25T20:02:20.424855+00:00,24.2
2026-05-25T21:37:03.958688+00:00,24.2
2026-05-25T23:34:38.235950+00:00,24.2
2026-05-26T04:38:29.659603+00:00,24.2
2026-05-26T08:45:56.598384+00:00,24.2
2026-05-26T16:54:24.979162+00:00,24.2
2026-05-26T19:31:01.164083+00:00,24.2
2026-05-26T21:59:42.372105+00:00,24.2
2026-05-26T23:36:02.232596+00:00,24.2
2026-05-27T04:52:22.506724+00:00,24.2
2026-05-27T08:50:29.321356+00:00,24.2
2026-05-27T12:37:08.730374+00:00,24.2
2026-05-27T16:47:08.066236+00:00,24.2
2026-05-27T19:34:34.873337+00:00,24.2
2026-05-27T22:13:29.829974+00:00,24.2
2026-05-27T23:39:54.612389+00:00,24.2
2026-05-28T04:46:19.709872+00:00,24.2
2026-05-28T08:54:51.412674+00:00,24.2
2026-05-28T12:47:10.581421+00:00,24.2
2026-05-28T17:04:27.801844+00:00,24.2
2026-05-28T19:46:30.985017+00:00,24.2
2026-05-28T22:13:41.188846+00:00,24.2
2026-05-28T23:45:32.161473+00:00,24.2
2026-05-29T04:48:16.877057+00:00,24.2
2026-05-29T08:53:23.247563+00:00,24.2
2026-05-29T12:28:56.095161+00:00,24.2
2026-05-29T16:55:02.797255+00:00,24.2
2026-05-29T19:43:15.551717+00:00,24.2
2026-05-29T22:09:49.953488+00:00,24.2
2026-05-29T23:44:45.606350+00:00,24.2
2026-05-30T04:30:11.642787+00:00,24.2
2026-05-30T07:59:10.209216+00:00,24.2
2026-05-30T10:19:44.182260+00:00,24.2
2026-05-30T11:48:59.018062+00:00,24.2
2026-05-30T14:09:50.487478+00:00,24.2
2026-05-30T15:40:51.542211+00:00,24.2
2026-05-30T17:33:03.678580+00:00,24.2
2026-05-30T19:45:04.804342+00:00,24.2
2026-05-30T21:28:27.851309+00:00,24.2
2026-05-30T23:30:26.562695+00:00,24.2
2026-05-31T04:56:11.079850+00:00,24.2
2026-05-31T08:23:37.585700+00:00,24.2
2026-05-31T11:11:07.991617+00:00,24.2
2026-05-31T12:51:36.600159+00:00,24.2
2026-05-31T14:57:08.500339+00:00,24.2
2026-05-31T16:37:54.575571+00:00,24.2
2026-05-31T18:38:07.500405+00:00,24.2
2026-05-31T20:34:26.049090+00:00,24.2
2026-05-31T22:29:51.555332+00:00,24.2
2026-06-01T01:36:08.400645+00:00,24.2
2026-06-01T07:25:00.891434+00:00,24.2
2026-06-01T14:27:09.023871+00:00,24.2
2026-06-01T19:58:51.477601+00:00,24.2
2026-06-01T22:38:40.572976+00:00,24.2
2026-06-02T01:40:32.126875+00:00,24.2
2026-06-02T07:00:18.376967+00:00,24.2
2026-06-02T11:45:36.371641+00:00,24.2
2026-06-02T16:57:51.448421+00:00,24.2
2026-06-02T20:22:14.902300+00:00,24.2
2026-06-02T23:11:55.921387+00:00,24.2
2026-06-03T02:01:59.017019+00:00,24.2
2026-06-03T07:17:54.344855+00:00,24.2
2026-06-03T12:15:44.545035+00:00,24.2
2026-06-03T17:22:34.032007+00:00,24.2
2026-06-03T21:31:59.319339+00:00,24.2
2026-06-04T00:08:44.751484+00:00,24.2
2026-06-04T05:13:48.270629+00:00,24.2
2026-06-04T09:05:09.552761+00:00,24.2
2026-06-04T12:22:56.317802+00:00,24.2
2026-06-04T16:30:04.145433+00:00,24.2
2026-06-04T19:33:04.888349+00:00,24.2
2026-06-04T21:55:57.859867+00:00,24.2
2026-06-04T23:40:09.389411+00:00,24.2
2026-06-05T04:51:43.429669+00:00,24.2
2026-06-05T08:53:47.333587+00:00,24.2
2026-06-05T12:21:03.112243+00:00,24.2
2026-06-05T15:32:39.172320+00:00,24.2
2026-06-05T18:16:43.161667+00:00,24.2
2026-06-05T20:18:08.738201+00:00,24.2
2026-06-05T21:50:03.477677+00:00,24.2
2026-06-05T23:41:33.936716+00:00,24.2
2026-06-06T04:31:38.914961+00:00,24.2
2026-06-06T08:04:10.727163+00:00,24.2
2026-06-06T10:25:31.317379+00:00,24.2
2026-06-06T12:47:21.941613+00:00,24.2
2026-06-06T14:54:38.985859+00:00,24.2
2026-06-06T16:36:03.547925+00:00,24.2
2026-06-06T18:42:31.550241+00:00,24.2
2026-06-06T20:36:55.540949+00:00,24.2
2026-06-06T22:32:55.070984+00:00,24.2
2026-06-07T01:34:44.229203+00:00,24.2
2026-06-07T06:44:16.942308+00:00,24.2
2026-06-07T10:10:37.238688+00:00,24.2
2026-06-07T12:03:49.947340+00:00,24.2
2026-06-07T14:23:47.265659+00:00,24.2
2026-06-07T16:47:15.078788+00:00,24.2
2026-06-07T18:42:57.792434+00:00,24.2
2026-06-07T20:39:50.936591+00:00,24.2
2026-06-07T22:32:21.846175+00:00,24.2
2026-06-08T01:36:23.730383+00:00,24.2
2026-06-08T07:09:43.508349+00:00,24.2
2026-06-08T12:10:57.045257+00:00,24.2
2026-06-08T16:31:26.364774+00:00,24.2
2026-06-08T19:37:00.099671+00:00,24.2
2026-06-08T22:05:00.891446+00:00,24.2
2026-06-08T23:40:54.986612+00:00,24.2
2026-06-09T04:40:14.015599+00:00,24.2
2026-06-09T08:43:05.992813+00:00,24.2
2026-06-09T12:18:39.247698+00:00,24.2
2026-06-09T15:30:32.742288+00:00,24.2
2026-06-09T18:25:29.590105+00:00,24.2
2026-06-09T21:15:23.063295+00:00,24.2
2026-06-09T22:53:47.541933+00:00,24.2
2026-06-10T01:33:45.547508+00:00,24.2
2026-06-10T06:45:12.334891+00:00,24.2
2026-06-10T11:05:32.541718+00:00,24.2
2026-06-10T14:31:05.613479+00:00,24.2
2026-06-10T18:11:27.130940+00:00,24.2
2026-06-10T21:03:26.328345+00:00,24.2
2026-06-10T22:59:57.838975+00:00,24.2
2026-06-11T01:42:50.004428+00:00,24.2
2026-06-11T07:11:07.908175+00:00,24.2
2026-06-11T11:50:49.414456+00:00,24.2
2026-06-11T16:31:56.783055+00:00,24.2
2026-06-11T19:55:41.214611+00:00,24.2
2026-06-11T22:19:34.385612+00:00,24.2
2026-06-11T23:57:30.200344+00:00,24.2
2026-06-12T05:09:57.394986+00:00,24.2
2026-06-12T09:16:25.201530+00:00,24.2
2026-06-12T12:37:15.298590+00:00,24.2
2026-06-12T16:28:55.174451+00:00,24.2
2026-06-12T19:25:23.471073+00:00,24.2
2026-06-12T22:02:15.895822+00:00,24.2
2026-06-12T23:56:03.007443+00:00,24.2
2026-06-13T04:55:11.617697+00:00,24.2
2026-06-13T08:33:26.281946+00:00,24.2
2026-06-13T11:25:50.204670+00:00,24.2
2026-06-13T14:32:21.240761+00:00,24.2
2026-06-13T16:52:10.992075+00:00,24.2
2026-06-13T18:48:50.692431+00:00,24.2
2026-06-13T20:42:51.164964+00:00,24.2
2026-06-13T22:32:34.923626+00:00,24.2
2026-06-14T01:38:56.474736+00:00,24.2
2026-06-14T07:00:29.283543+00:00,24.2
2026-06-14T10:33:40.689115+00:00,24.2
2026-06-14T13:08:26.907149+00:00,24.2
2026-06-14T15:21:26.427864+00:00,24.2
2026-06-14T17:53:27.325949+00:00,24.2
2026-06-14T20:01:01.498862+00:00,24.2
2026-06-14T21:45:03.997580+00:00,24.2
2026-06-14T23:40:11.032205+00:00,24.2
2026-06-15T05:31:19.930966+00:00,24.2
2026-06-15T12:45:19.151898+00:00,24.2
2026-06-15T18:05:07.989209+00:00,24.2
2026-06-15T21:27:31.819713+00:00,24.2
2026-06-16T00:04:54.849693+00:00,24.2
2026-06-16T05:39:06.041955+00:00,24.2
2026-06-16T11:37:54.845045+00:00,24.2
2026-06-16T17:25:59.880707+00:00,24.2
2026-06-16T21:22:18.572190+00:00,24.2
2026-06-16T23:50:26.915888+00:00,24.2
2026-06-17T05:20:14.429911+00:00,24.2
2026-06-17T10:11:38.923902+00:00,24.2
2026-06-17T14:04:46.217074+00:00,24.2
2026-06-17T17:26:21.103173+00:00,24.2
2026-06-17T20:32:41.080983+00:00,24.2
2026-06-17T22:54:11.361649+00:00,24.2
2026-06-18T01:45:08.417016+00:00,24.2
2026-06-18T07:13:25.407075+00:00,24.2
2026-06-18T11:32:42.740844+00:00,24.2
2026-06-18T15:55:49.287216+00:00,24.2
2026-06-18T18:38:18.065317+00:00,24.2
2026-06-18T21:31:28.708118+00:00,24.2
2026-06-19T00:01:30.709932+00:00,24.2
2026-06-19T05:29:11.172187+00:00,24.2
2026-06-19T10:59:06.671317+00:00,24.2
2026-06-19T14:23:28.288345+00:00,24.2
2026-06-19T17:28:02.727637+00:00,24.2
2026-06-19T20:07:36.595803+00:00,24.2
2026-06-19T21:38:25.345770+00:00,24.2
2026-06-19T23:31:54.623651+00:00,24.2
2026-06-20T04:45:04.816371+00:00,24.2
2026-06-20T08:29:25.673871+00:00,24.2
2026-06-20T11:27:05.740763+00:00,24.2
2026-06-20T14:35:26.950534+00:00,24.2
2026-06-20T16:55:19.448212+00:00,24.2
2026-06-20T18:50:42.893768+00:00,24.2
2026-06-20T20:44:18.052534+00:00,24.2
2026-06-20T22:37:28.240961+00:00,24.2
2026-06-21T01:42:30.969445+00:00,24.2
2026-06-21T07:13:05.259646+00:00,24.2
2026-06-21T10:49:36.845806+00:00,24.2
2026-06-21T13:19:17.323805+00:00,24.2
2026-06-21T15:20:03.576476+00:00,24.2
2026-06-21T16:58:47.502034+00:00,24.2
2026-06-21T18:55:32.724259+00:00,24.2
2026-06-21T20:49:01.315334+00:00,24.2
2026-06-21T22:37:49.745886+00:00,24.2
2026-06-22T01:43:05.633127+00:00,24.2
2026-06-22T07:44:16.798146+00:00,24.2
2026-06-22T13:45:03.780491+00:00,24.2
2026-06-22T18:29:14.263043+00:00,24.2
2026-06-22T21:36:15.189524+00:00,24.2
2026-06-22T23:45:56.422917+00:00,24.2
2026-06-23T04:34:08.250156+00:00,24.2
2026-06-23T08:39:36.232105+00:00,24.2
2026-06-23T12:17:04.597756+00:00,24.2
2026-06-23T15:28:00.544681+00:00,24.2
2026-06-23T18:17:16.841119+00:00,24.2
2026-06-23T20:27:20.037906+00:00,24.2
2026-06-23T22:41:14.305948+00:00,24.2
2026-06-24T00:14:21.862207+00:00,24.2
2026-06-24T04:42:18.314309+00:00,24.2
2026-06-24T08:36:04.397761+00:00,24.2
2026-06-24T12:02:53.517448+00:00,24.2
2026-06-24T15:13:16.584433+00:00,24.2
2026-06-24T17:22:31.165924+00:00,24.2
2026-06-24T20:14:00.572448+00:00,24.2
2026-06-24T21:50:38.132009+00:00,24.2
2026-06-24T23:36:51.310903+00:00,24.2
2026-06-25T04:37:50.693869+00:00,24.2
2026-06-25T08:32:40.457139+00:00,24.2
2026-06-25T11:58:39.560693+00:00,24.2
2026-06-25T15:20:05.751938+00:00,24.2
2026-06-25T17:27:27.690361+00:00,24.2
2026-06-25T20:24:45.526990+00:00,24.2
2026-06-25T22:51:49.848825+00:00,24.2
2026-06-26T01:33:05.325239+00:00,24.2
2026-06-26T06:31:24.082524+00:00,24.2
2026-06-26T10:30:44.752300+00:00,24.2
2026-06-26T13:24:50.956030+00:00,24.2
2026-06-26T16:29:43.470773+00:00,24.2
2026-06-26T19:10:41.866396+00:00,24.2
2026-06-26T20:59:27.865288+00:00,24.2
2026-06-26T22:38:43.847376+00:00,24.2
2026-06-27T01:25:13.966745+00:00,24.2
2026-06-27T06:04:40.667278+00:00,24.2
2026-06-27T09:07:43.101567+00:00,24.2
2026-06-27T11:06:23.353751+00:00,24.2
2026-06-27T12:46:29.759703+00:00,24.2
2026-06-27T14:57:13.084902+00:00,24.2
2026-06-27T16:34:39.860388+00:00,24.2
2026-06-27T18:38:04.182195+00:00,24.2
2026-06-27T20:34:20.227821+00:00,24.2
2026-06-27T22:32:16.338511+00:00,24.2
2026-06-28T01:30:33.794583+00:00,24.2
2026-06-28T06:38:42.517751+00:00,24.2
2026-06-28T10:09:06.382580+00:00,24.2
2026-06-28T11:59:37.711744+00:00,24.2
2026-06-28T14:18:51.197905+00:00,24.2
2026-06-28T15:44:55.744053+00:00,24.2
2026-06-28T17:38:38.550368+00:00,24.2
2026-06-28T19:49:33.529872+00:00,24.2
2026-06-28T21:32:19.268332+00:00,24.2
2026-06-28T23:33:55.067301+00:00,24.2
2026-06-29T05:04:46.991788+00:00,24.2
2026-06-29T10:00:52.396518+00:00,24.2
2026-06-29T14:29:51.651209+00:00,24.2
2026-06-29T17:55:08.644041+00:00,24.2
2026-06-29T20:17:31.418595+00:00,24.2
2026-06-29T21:47:31.065300+00:00,24.2
2026-06-29T23:29:32.436632+00:00,24.2
2026-06-30T04:38:22.615578+00:00,24.2
2026-06-30T08:39:01.951653+00:00,24.2
2026-06-30T11:55:45.484087+00:00,24.2
2026-06-30T14:46:10.719339+00:00,24.2
2026-06-30T17:18:29.392051+00:00,24.2
2026-06-30T19:12:03.125675+00:00,24.2
2026-06-30T21:09:08.687598+00:00,24.2
2026-06-30T22:44:16.647625+00:00,24.2
2026-07-01T01:34:58.472372+00:00,24.2
2026-07-01T06:47:43.171858+00:00,24.2
2026-07-01T10:50:34.069394+00:00,24.2
2026-07-01T13:42:18.734965+00:00,24.2
2026-07-01T16:41:08.476534+00:00,24.2
2026-07-01T19:14:12.915666+00:00,24.2
2026-07-01T20:57:13.121660+00:00,24.2
2026-07-01T22:43:17.771627+00:00,24.2
2026-07-02T01:27:23.793242+00:00,24.2
2026-07-02T06:12:32.485132+00:00,24.2
2026-07-02T09:38:34.962605+00:00,24.2
2026-07-02T12:23:00.987297+00:00,24.2
2026-07-02T15:36:19.240735+00:00,24.2
2026-07-02T18:06:22.213167+00:00,24.2
2026-07-02T19:56:41.236617+00:00,24.2
2026-07-02T21:37:14.143636+00:00,24.2
2026-07-02T23:32:45.695423+00:00,24.2
2026-07-03T04:13:18.196606+00:00,24.2
2026-07-03T07:42:33.586514+00:00,24.2
2026-07-03T11:03:37.928660+00:00,24.2
2026-07-03T13:16:01.682820+00:00,24.2
2026-07-03T15:29:55.426822+00:00,24.2
2026-07-03T17:53:04.132043+00:00,24.2
2026-07-03T19:54:09.401778+00:00,24.2
2026-07-03T21:35:07.040823+00:00,24.2
2026-07-03T23:30:53.262816+00:00,24.2
2026-07-04T04:06:36.023155+00:00,24.2
2026-07-04T07:18:49.507945+00:00,24.2
2026-07-04T09:33:35.326582+00:00,24.2
2026-07-04T11:48:30.926392+00:00,24.2
2026-07-04T14:04:09.326118+00:00,24.2
2026-07-04T15:35:42.363404+00:00,24.2
2026-07-04T17:31:03.617764+00:00,24.2
2026-07-04T19:40:50.968355+00:00,24.2
2026-07-04T21:15:43.149878+00:00,24.2
2026-07-04T22:14:46.713758+00:00,24.2
2026-07-04T23:26:13.336506+00:00,24.2
2026-07-05T04:35:27.573367+00:00,24.2
2026-07-05T08:21:23.214099+00:00,24.2
2026-07-05T11:15:04.062860+00:00,24.2
2026-07-05T12:44:15.720597+00:00,24.2
2026-07-05T14:54:33.761398+00:00,24.2
2026-07-05T16:30:16.854532+00:00,24.2
2026-07-05T18:32:32.297132+00:00,24.2
2026-07-05T20:32:27.603474+00:00,24.2
2026-07-05T22:26:29.571982+00:00,24.2
2026-07-06T01:11:37.401366+00:00,24.2
2026-07-06T05:40:12.623847+00:00,24.2
2026-07-06T11:08:02.874354+00:00,24.2
2026-07-06T14:38:25.915367+00:00,24.2
2026-07-06T17:55:21.975673+00:00,24.2
2026-07-06T20:17:20.222965+00:00,24.2
2026-07-06T21:50:51.680053+00:00,24.2
2026-07-06T23:33:25.857197+00:00,24.2
2026-07-07T04:28:15.122892+00:00,24.2
2026-07-07T08:46:10.428484+00:00,24.2
2026-07-07T12:11:39.800865+00:00,24.2
2026-07-07T15:20:41.663599+00:00,24.2
2026-07-07T17:30:34.946903+00:00,24.2
2026-07-07T20:18:18.717636+00:00,24.2
2026-07-07T21:47:34.960118+00:00,24.2
2026-07-07T23:25:30.130706+00:00,24.2
2026-07-08T03:50:16.616728+00:00,24.2
2026-07-08T06:41:10.479188+00:00,24.2
2026-07-08T09:41:28.006955+00:00,24.2
2026-07-08T11:58:48.999299+00:00,24.2
2026-07-08T14:43:58.169579+00:00,24.2
2026-07-08T16:52:38.497380+00:00,24.2
2026-07-08T18:50:41.081369+00:00,24.2
2026-07-08T20:39:12.887179+00:00,24.2
2026-07-08T22:27:33.937804+00:00,24.2
2026-07-09T01:05:54.944862+00:00,24.2
2026-07-09T05:12:34.867893+00:00,24.2
2026-07-09T08:49:10.702551+00:00,24.2
2026-07-09T12:17:17.535001+00:00,24.2
2026-07-09T15:38:04.664337+00:00,24.2
2026-07-09T18:14:10.975083+00:00,24.2
2026-07-09T20:11:37.672588+00:00,24.2
2026-07-09T21:51:41.524454+00:00,24.2
2026-07-09T23:40:26.498722+00:00,24.2
2026-07-10T04:28:25.963612+00:00,24.2
2026-07-10T08:44:52.715085+00:00,24.2
2026-07-10T12:10:09.642295+00:00,24.2
2026-07-10T15:06:10.321817+00:00,24.2
2026-07-10T17:12:45.503342+00:00,24.2
2026-07-10T18:51:47.953761+00:00,24.2
2026-07-10T20:45:31.919274+00:00,24.2
2026-07-10T22:28:17.015511+00:00,24.2
2026-07-11T00:13:40.477044+00:00,24.2
2026-07-11T03:47:42.285204+00:00,24.2
2026-07-11T06:29:43.109704+00:00,24.2
2026-07-11T09:00:51.058956+00:00,24.2
2026-07-11T10:36:34.989491+00:00,24.2
2026-07-11T12:09:02.235379+00:00,24.2
2026-07-11T13:58:10.033641+00:00,24.2
2026-07-11T15:26:30.985263+00:00,24.2
2026-07-11T17:26:06.248476+00:00,24.2
2026-07-11T19:35:55.090473+00:00,24.2
2026-07-11T21:09:56.664603+00:00,24.2
2026-07-11T22:10:32.269474+00:00,24.2
2026-07-11T23:13:44.522218+00:00,24.2
2026-07-12T00:13:50.199521+00:00,24.2
2026-07-12T04:03:18.829937+00:00,24.2
2026-07-12T07:04:15.945757+00:00,24.2
2026-07-12T09:20:19.494329+00:00,24.2
2026-07-12T10:50:11.274225+00:00,24.2
2026-07-12T12:09:32.706775+00:00,24.2
2026-07-12T13:59:20.966166+00:00,24.2
2026-07-12T15:28:37.813238+00:00,24.2
2026-07-12T17:29:14.024357+00:00,24.2
2026-07-12T19:35:10.825614+00:00,24.2
2026-07-12T21:09:18.269124+00:00,24.2
2026-07-12T22:10:03.912604+00:00,24.2
2026-07-12T23:12:17.777547+00:00,24.2
2026-07-13T00:14:01.908011+00:00,24.2
2026-07-13T04:05:19.501793+00:00,24.2
2026-07-13T07:44:28.050869+00:00,24.2
2026-07-13T11:32:17.906036+00:00,24.2
2026-07-13T15:15:57.149908+00:00,24.2
2026-07-13T17:24:43.049981+00:00,24.2
2026-07-13T19:54:06.041761+00:00,24.2
2026-07-13T21:16:04.509229+00:00,24.2
2026-07-13T22:14:06.392702+00:00,24.2
2026-07-13T23:16:15.060576+00:00,24.2
2026-07-14T00:11:07.757194+00:00,24.2
2026-07-14T03:40:52.703933+00:00,24.2
2026-07-14T06:29:46.678917+00:00,24.2
2026-07-14T09:20:08.954753+00:00,24.2
2026-07-14T11:01:05.455377+00:00,24.2
2026-07-14T12:42:08.035540+00:00,24.2
2026-07-14T15:05:11.953011+00:00,24.2
2026-07-14T16:40:39.244996+00:00,24.2
2026-07-14T18:33:38.018020+00:00,24.2
2026-07-14T20:33:10.488730+00:00,24.2
2026-07-14T22:25:56.426872+00:00,24.2
2026-07-15T00:09:39.199820+00:00,24.2
2026-07-15T03:40:30.417986+00:00,24.2
2026-07-15T06:32:23.217950+00:00,24.2
2026-07-15T09:23:58.193573+00:00,24.2
2026-07-15T11:53:01.060419+00:00,24.2
2026-07-15T14:15:00.952120+00:00,24.2
2026-07-15T15:55:17.063290+00:00,24.2
2026-07-15T17:41:34.635618+00:00,24.2
2026-07-15T19:41:04.021849+00:00,24.2
2026-07-15T21:25:44.894997+00:00,24.2
2026-07-15T23:24:32.899144+00:00,24.2
2026-07-16T03:43:50.977538+00:00,24.2
2026-07-16T06:36:14.991743+00:00,24.2
2026-07-16T09:32:20.710309+00:00,24.2
2026-07-16T11:55:28.156382+00:00,24.2
2026-07-16T14:27:25.362096+00:00,24.2
2026-07-16T16:45:26.740581+00:00,24.2
2026-07-16T18:35:18.070511+00:00,24.2
2026-07-16T20:14:36.967008+00:00,24.2
2026-07-16T21:28:31.015409+00:00,24.2
2026-07-16T23:14:37.911049+00:00,24.2
2026-07-17T00:15:39.738822+00:00,24.2
2026-07-17T03:43:27.075193+00:00,24.2
2026-07-17T06:31:49.754774+00:00,24.2
2026-07-17T09:23:24.716095+00:00,24.2
2026-07-17T11:45:01.782457+00:00,24.2
2026-07-17T14:07:32.746288+00:00,24.2
2026-07-17T15:48:35.845862+00:00,24.2
2026-07-17T17:34:04.161785+00:00,24.2
2026-07-17T19:36:24.261153+00:00,24.2
2026-07-17T21:11:21.290882+00:00,24.2
2026-07-17T22:09:14.296122+00:00,24.2
2026-07-17T23:11:16.036511+00:00,24.2
2026-07-18T00:12:24.344566+00:00,24.2
2026-07-18T03:38:09.445886+00:00,24.2
2026-07-18T06:24:12.646346+00:00,24.2
2026-07-18T09:02:21.984564+00:00,24.2
2026-07-18T10:43:29.448802+00:00,24.2
2026-07-18T12:08:32.304334+00:00,24.2
2026-07-18T13:53:35.649134+00:00,24.2
2026-07-18T15:24:49.027820+00:00,24.2
2026-07-18T17:25:44.299233+00:00,24.2
2026-07-18T19:36:01.354481+00:00,24.2
2026-07-18T21:08:54.770650+00:00,24.2
2026-07-18T22:09:59.316169+00:00,24.2
2026-07-18T23:13:38.379671+00:00,24.2
2026-07-19T00:13:00.511677+00:00,24.2
2026-07-19T04:00:15.551399+00:00,24.2
2026-07-19T06:47:58.768585+00:00,24.2
2026-07-19T09:21:45.983429+00:00,24.2
2026-07-19T11:33:47.894553+00:00,24.2
2026-07-19T13:57:04.750529+00:00,24.2
2026-07-19T15:27:07.326449+00:00,24.2
2026-07-19T17:28:10.665011+00:00,24.2
2026-07-19T19:36:09.029725+00:00,24.2
2026-07-19T21:10:04.665176+00:00,24.2
2026-07-19T22:11:43.358595+00:00,24.2
2026-07-19T23:14:40.618659+00:00,24.2
2026-07-20T00:16:04.874821+00:00,24.2
2026-07-20T04:10:30.187052+00:00,24.2
2026-07-20T07:36:22.875772+00:00,24.2
2026-07-20T11:16:48.516100+00:00,24.2
2026-07-20T13:20:28.462267+00:00,24.2
2026-07-20T15:25:12.845235+00:00,24.2
2026-07-20T18:24:40.254292+00:00,24.2
2026-07-20T20:44:24.848316+00:00,24.2
2026-07-20T22:25:33.196926+00:00,24.2
2026-07-21T00:15:08.163570+00:00,24.2
2026-07-21T03:51:29.120836+00:00,24.2
2026-07-21T06:44:11.428206+00:00,24.2
2026-07-21T09:44:43.545365+00:00,24.2
2026-07-21T12:02:47.190817+00:00,24.2
2026-07-21T14:28:26.539000+00:00,24.2
2026-07-21T16:49:43.022988+00:00,24.2
2026-07-21T18:44:15.221192+00:00,24.2
2026-07-21T20:38:27.822226+00:00,24.2
2026-07-21T22:14:37.344916+00:00,24.2
2026-07-21T23:15:09.839406+00:00,24.2
2026-07-22T00:11:22.160227+00:00,24.2
2026-07-22T03:51:41.630833+00:00,24.2
2026-07-22T06:45:21.955222+00:00,24.2
2026-07-22T09:42:39.169637+00:00,24.2
2026-07-22T12:08:30.146456+00:00,24.2
2026-07-22T14:29:39.983932+00:00,24.2
2026-07-22T16:52:05.820441+00:00,24.2
2026-07-22T18:37:09.072893+00:00,24.2
2026-07-22T20:33:58.495822+00:00,24.2
2026-07-22T22:28:20.337443+00:00,24.2
2026-07-23T00:16:05.089621+00:00,24.2
2026-07-23T03:49:43.084416+00:00,24.2
2026-07-23T06:42:32.410902+00:00,24.2
2026-07-23T09:41:33.458674+00:00,24.2
2026-07-23T12:06:26.849108+00:00,24.2
2026-07-23T14:37:10.391574+00:00,24.2
2026-07-23T16:50:47.037691+00:00,24.2
2026-07-23T18:40:17.936968+00:00,24.2
2026-07-23T20:32:52.552816+00:00,24.2
2026-07-23T22:27:12.476766+00:00,24.2
2026-07-24T00:14:32.063195+00:00,24.2
2026-07-24T03:49:51.444936+00:00,24.2
2026-07-24T06:42:31.881805+00:00,24.2
2026-07-24T09:38:52.026069+00:00,24.2
2026-07-24T11:57:22.842931+00:00,24.2
2026-07-24T14:17:19.961173+00:00,24.2
2026-07-24T15:49:12.178390+00:00,24.2
2026-07-24T17:55:31.517383+00:00,24.2
2026-07-24T19:50:54.708867+00:00,24.2
2026-07-24T21:32:02.207765+00:00,24.2
2026-07-24T23:28:26.491290+00:00,24.2
2026-07-25T03:43:44.790333+00:00,24.2
2026-07-25T06:32:24.794604+00:00,24.2
2026-07-25T09:14:39.481192+00:00,24.2
2026-07-25T10:48:10.153988+00:00,24.2
2026-07-25T12:11:58.674808+00:00,24.2
2026-07-25T14:05:58.031063+00:00,24.2
2026-07-25T15:32:27.153926+00:00,24.2
2026-07-25T17:25:52.687036+00:00,24.2
2026-07-25T19:38:41.767370+00:00,24.2
2026-07-25T21:11:52.600542+00:00,24.2
2026-07-25T22:13:15.097824+00:00,24.2
2026-07-25T23:16:13.751348+00:00,24.2
2026-07-26T01:01:52.662777+00:00,24.2
2026-07-26T04:46:58.385895+00:00,24.2
2026-07-26T07:47:29.368447+00:00,24.2
2026-07-26T10:14:22.370716+00:00,24.2
2026-07-26T11:39:40.235198+00:00,24.2
2026-07-26T14:03:07.291607+00:00,24.2
2026-07-26T15:33:35.908144+00:00,24.2
2026-07-26T17:29:04.140443+00:00,24.2
2026-07-26T19:40:05.894703+00:00,24.2
2026-07-26T21:14:29.480054+00:00,24.2
2026-07-26T22:16:05.290554+00:00,24.2
2026-07-26T23:16:36.582256+00:00,24.2
2026-07-27T01:01:23.728987+00:00,24.2
2026-07-27T04:56:33.825277+00:00,24.2
2026-07-27T08:49:16.898739+00:00,24.2
2026-07-27T12:38:36.636427+00:00,24.2
2026-07-27T15:55:49.626936+00:00,24.2
2026-07-27T17:58:31.561426+00:00,24.2
2026-07-27T19:59:24.021477+00:00,24.2
2026-07-27T21:31:54.910891+00:00,24.2
2026-07-27T23:30:06.387121+00:00,24.2
2026-07-28T03:42:07.010173+00:00,24.2
2026-07-28T06:45:24.386597+00:00,24.2
2026-07-28T09:59:34.848927+00:00,24.2
2026-07-28T12:16:37.187840+00:00,24.2
2026-07-28T14:44:48.901260+00:00,24.2
2026-07-28T16:53:46.589130+00:00,24.2
2026-07-28T18:50:45.714721+00:00,24.2
2026-07-28T20:36:18.816246+00:00,24.2
2026-07-28T22:28:24.597227+00:00,24.2
2026-07-29T00:13:13.855861+00:00,24.2
2026-07-29T03:45:41.089936+00:00,24.2
2026-07-29T07:08:33.425577+00:00,24.2
2026-07-29T10:00:57.540392+00:00,27.1
2026-07-29T12:24:46.599776+00:00,26.0
2026-07-29T15:23:27.420598+00:00,25.3
2026-07-29T17:42:54.127722+00:00,26.1
2026-07-29T19:48:56.554223+00:00,26.1
2026-07-29T21:15:21.200764+00:00,26.2
2026-07-29T22:16:40.424408+00:00,26.8
2026-07-29T23:26:33.157581+00:00,27.8
2026-07-30T03:37:44.498891+00:00,26.2
2026-07-30T06:45:45.946442+00:00,26.5
2026-07-30T09:46:28.758441+00:00,27.7
2026-07-30T12:08:37.605585+00:00,26.3
2026-07-30T14:37:13.738170+00:00,27.2
2026-07-30T16:53:27.084572+00:00,27.1
2026-07-30T18:51:05.610779+00:00,26.8
2026-07-30T20:37:19.735948+00:00,26.8
2026-07-30T22:30:34.297515+00:00,28.0
2026-07-31T00:58:55.459486+00:00,28.1
2026-07-31T04:47:41.826812+00:00,26.6
2026-07-31T08:11:19.583678+00:00,26.1
2026-07-31T11:01:19.677376+00:00,26.3
2026-07-31T13:09:15.213933+00:00,27.5
2026-07-31T15:32:17.929322+00:00,27.0
2026-07-31T17:57:16.220893+00:00,26.5
2026-07-31T19:57:28.878066+00:00,26.3
2026-07-31T21:31:43.772273+00:00,26.2
2026-07-31T23:26:27.173315+00:00,27.2
2026-08-01T03:56:33.192016+00:00,26.5
2026-08-01T06:43:26.653789+00:00,27.5
2026-08-01T09:26:53.454592+00:00,26.7
2026-08-01T11:37:07.849548+00:00,26.5
2026-08-01T14:01:59.845081+00:00,26.8
2026-08-01T15:31:37.729219+00:00,26.2
2026-08-01T17:27:07.387346+00:00,25.7
2026-08-01T19:38:55.962772+00:00,26.0
2026-08-01T21:12:21.924870+00:00,26.2
2026-08-01T22:14:01.356033+00:00,26.7
2026-08-01T23:15:17.989722+00:00,26.8
2026-08-02T00:59:40.627217+00:00,26.8
2026-08-02T04:43:35.369513+00:00,29.0
2026-08-02T07:41:43.434638+00:00,29.5
2026-08-02T10:11:18.659984+00:00,27.6
2026-08-02T11:37:51.519946+00:00,27.6
2026-08-02T14:03:02.578183+00:00,27.2
2026-08-02T15:32:01.332329+00:00,27.0
2026-08-02T17:28:22.541116+00:00,27.0
2026-08-02T19:39:11.715750+00:00,27.0
2026-08-02T21:13:11.841158+00:00,27.0
2026-08-02T22:13:41.368908+00:00,26.8
2026-08-02T23:16:10.058788+00:00,27.8
2026-08-03T00:59:21.391317+00:00,26.0
2026-08-03T04:51:55.706593+00:00,27.0
2026-08-03T08:43:48.319779+00:00,27.2
2026-08-03T12:38:17.456023+00:00,26.3
2026-08-03T15:57:19.586448+00:00,27.1
2026-08-03T18:12:22.784211+00:00,28.1
2026-08-03T20:03:05.540391+00:00,28.5
2026-08-03T21:34:12.743801+00:00,26.8
2026-08-03T23:31:25.518265+00:00,27.3
2026-08-04T03:43:39.023956+00:00,27.6
2026-08-04T06:45:17.021518+00:00,28.1
2026-08-04T10:03:20.061435+00:00,28.2
2026-08-04T12:21:35.175314+00:00,26.7
2026-08-04T15:40:04.122975+00:00,26.2
2026-08-04T18:09:12.762767+00:00,26.2
2026-08-04T20:02:21.119825+00:00,26.5
2026-08-04T21:41:33.718202+00:00,26.5
2026-08-04T23:28:20.562064+00:00,27.2
2026-08-05T03:39:59.984496+00:00,27.6
2026-08-05T06:46:26.264143+00:00,27.3
2026-08-05T10:00:56.898301+00:00,27.2
2026-08-05T12:19:48.762223+00:00,27.3
2026-08-05T14:42:06.615944+00:00,26.8
2026-08-05T16:55:07.142600+00:00,27.0
2026-08-05T18:57:31.824698+00:00,27.0
2026-08-05T20:41:02.370523+00:00,27.0
2026-08-05T22:30:49.908422+00:00,27.2
2026-08-06T00:13:36.931879+00:00,27.5
2026-08-06T03:45:25.389168+00:00,28.2
2026-08-06T07:07:49.537370+00:00,28.1
2026-08-06T10:03:02.769837+00:00,27.6
2026-08-06T12:22:24.615278+00:00,27.0
2026-08-06T15:33:19.577541+00:00,27.3
2026-08-07T00:19:22.270946+00:00,27.5
2026-08-07T03:22:12.669658+00:00,26.7
2026-08-07T05:53:59.643465+00:00,27.0
2026-08-07T07:47:36.956401+00:00,26.8
2026-08-07T09:27:03.265882+00:00,26.8
2026-08-07T11:11:45.751345+00:00,26.8
2026-08-07T12:01:37.528311+00:00,26.8
2026-08-07T13:42:48.537894+00:00,26.8
2026-08-07T15:12:42.780711+00:00,26.8
2026-08-07T16:11:51.026840+00:00,26.8
2026-08-07T17:12:04.051257+00:00,26.8
2026-08-07T18:06:37.064565+00:00,26.8
2026-08-07T19:24:43.762826+00:00,26.8
2026-08-07T21:03:54.205769+00:00,26.8
2026-08-07T21:59:26.533972+00:00,26.8
2026-08-07T22:58:50.989751+00:00,26.8
2026-08-07T23:51:41.784234+00:00,26.8
2026-08-08T02:24:52.573168+00:00,26.8
2026-08-08T04:31:45.305906+00:00,26.8
2026-08-08T06:00:16.739944+00:00,26.8
2026-08-08T07:24:40.113219+00:00,26.8
2026-08-08T09:04:32.156053+00:00,26.8
2026-08-08T09:58:12.394411+00:00,26.8
2026-08-08T10:55:08.547569+00:00,26.8
2026-08-08T11:49:03.050611+00:00,26.8
2026-08-08T13:17:25.647600+00:00,26.8
2026-08-08T14:01:28.300505+00:00,26.8
2026-08-08T14:53:30.542094+00:00,26.8
2026-08-08T15:50:45.611158+00:00,26.8
2026-08-08T16:56:34.021290+00:00,26.8
2026-08-08T17:51:03.157531+00:00,26.8
2026-08-08T19:04:05.700990+00:00,26.8
2026-08-08T19:47:31.268025+00:00,26.8
2026-08-08T20:52:55.917293+00:00,26.8
2026-08-08T21:50:09.534217+00:00,26.8
2026-08-08T22:51:37.367855+00:00,26.8
2026-08-08T23:48:57.750464+00:00,26.8
2026-08-09T02:32:39.157330+00:00,26.8
2026-08-09T04:40:35.287700+00:00,26.8
2026-08-09T06:03:01.258153+00:00,26.8
2026-08-09T07:26:47.289341+00:00,26.8
2026-08-09T09:06:02.619774+00:00,26.8
2026-08-09T10:00:01.917019+00:00,26.8
2026-08-09T10:56:40.573431+00:00,26.8
2026-08-09T11:50:02.639871+00:00,26.8
2026-08-09T13:25:10.161592+00:00,26.8
2026-08-09T14:55:59.906076+00:00,26.8
2026-08-09T15:51:59.195683+00:00,26.8
2026-08-09T16:59:49.579949+00:00,26.8
2026-08-09T17:52:26.022272+00:00,26.8
2026-08-09T19:06:44.057674+00:00,26.8
2026-08-09T19:51:47.780254+00:00,26.8
2026-08-09T20:56:23.899613+00:00,26.8
2026-08-09T21:53:12.582684+00:00,26.8
2026-08-09T22:54:11.309202+00:00,26.8
2026-08-09T23:52:06.744868+00:00,26.8
2026-08-10T02:38:02.258229+00:00,26.8
2026-08-10T04:59:18.154681+00:00,26.8
2026-08-10T06:45:32.291359+00:00,26.8
2026-08-10T08:53:42.411654+00:00,26.8
2026-08-10T10:38:55.285658+00:00,26.8
2026-08-10T12:03:32.455311+00:00,26.8
2026-08-10T13:49:33.722905+00:00,26.8
2026-08-10T15:26:39.381175+00:00,26.8
2026-08-10T17:13:18.804252+00:00,26.8
2026-08-10T18:07:19.728276+00:00,26.8
2026-08-10T19:25:05.157837+00:00,26.8
2026-08-10T21:05:34.979688+00:00,26.8
2026-08-10T22:01:41.771230+00:00,26.8
2026-08-10T23:00:01.531481+00:00,26.8
2026-08-10T23:54:21.271892+00:00,26.8
2026-08-11T02:31:04.683927+00:00,26.8
2026-08-11T04:43:50.180106+00:00,26.8
2026-08-11T06:08:26.032851+00:00,26.8
2026-08-11T07:41:59.054049+00:00,26.8
2026-08-11T09:25:11.513758+00:00,26.8
2026-08-11T11:08:57.470076+00:00,26.8
2026-08-11T12:01:15.846402+00:00,26.8
2026-08-11T13:47:41.006081+00:00,26.8
2026-08-11T15:24:51.849080+00:00,26.8
2026-08-11T17:16:41.382920+00:00,26.8
2026-08-11T18:10:59.779010+00:00,26.8
2026-08-11T19:29:34.369862+00:00,26.8
2026-08-11T21:08:26.323073+00:00,26.8
2026-08-11T22:08:26.252765+00:00,26.8
2026-08-11T23:07:15.744296+00:00,26.8
2026-08-12T00:03:05.672215+00:00,26.8
2026-08-12T03:00:04.018559+00:00,26.8
2026-08-12T05:09:14.701993+00:00,26.8
2026-08-12T06:47:34.672681+00:00,26.8
2026-08-12T08:42:15.447365+00:00,26.8
2026-08-12T10:30:33.613076+00:00,26.8
2026-08-12T12:03:18.535139+00:00,26.8
2026-08-12T13:52:13.843455+00:00,26.8
2026-08-12T15:24:14.580763+00:00,26.8
2026-08-12T17:19:18.006596+00:00,26.8
2026-08-12T18:12:26.285965+00:00,26.8
2026-08-12T19:31:00.147239+00:00,26.8
2026-08-12T21:07:29.904157+00:00,26.8
2026-08-12T22:06:27.180944+00:00,26.8
2026-08-12T23:05:16.548110+00:00,26.8
2026-08-13T00:01:49.339102+00:00,26.8
2026-08-13T03:03:18.530093+00:00,26.8
2026-08-13T05:12:44.277526+00:00,26.8
2026-08-13T06:50:44.779457+00:00,26.8
2026-08-13T08:46:36.229593+00:00,26.8
2026-08-13T10:31:45.389324+00:00,26.8
2026-08-13T12:03:28.040513+00:00,26.8
2026-08-13T13:52:44.102465+00:00,26.8
2026-08-13T15:26:03.420565+00:00,26.8
2026-08-13T17:23:12.619617+00:00,26.8
2026-08-13T19:29:31.925586+00:00,26.8
2026-08-13T21:08:01.059275+00:00,26.8
2026-08-13T22:06:28.330901+00:00,26.8
2026-08-13T23:06:40.162938+00:00,26.8
2026-08-14T00:01:40.717448+00:00,26.8
2026-08-14T03:02:09.516754+00:00,26.8
2026-08-14T05:09:38.485999+00:00,26.8
2026-08-14T06:47:54.154942+00:00,26.8
2026-08-14T08:39:52.420943+00:00,26.8
2026-08-14T10:27:56.109196+00:00,26.8
2026-08-14T12:00:48.368648+00:00,26.8
2026-08-14T13:48:36.373709+00:00,26.8
2026-08-14T15:10:21.262775+00:00,26.8
2026-08-14T16:08:41.628842+00:00,26.8
2026-08-14T17:15:44.425453+00:00,26.8
2026-08-14T18:09:32.832506+00:00,26.8
2026-08-14T19:23:07.214230+00:00,26.8
2026-08-14T20:49:53.699138+00:00,26.8
2026-08-14T21:44:25.896180+00:00,26.8
2026-08-14T22:44:09.550817+00:00,26.8
2026-08-14T23:41:43.010431+00:00,26.8
2026-08-15T01:53:02.859642+00:00,26.8
2026-08-15T03:08:03.407446+00:00,26.8
2026-08-15T03:57:40.600478+00:00,26.8
2026-08-15T04:51:27.091451+00:00,26.8
2026-08-15T05:45:22.550522+00:00,26.8
2026-08-15T07:02:27.191564+00:00,26.8
2026-08-15T07:47:28.074208+00:00,26.8
2026-08-15T08:49:11.745587+00:00,27.0
2026-08-15T09:45:07.324098+00:00,26.8
2026-08-15T10:43:01.163859+00:00,27.0
2026-08-15T11:38:53.342492+00:00,26.8
2026-08-15T13:02:58.780825+00:00,26.5
2026-08-15T13:46:27.042092+00:00,26.3
2026-08-15T14:42:25.453806+00:00,26.2
2026-08-15T15:39:18.611658+00:00,26.0
2026-08-15T16:45:03.216678+00:00,26.0
2026-08-15T17:39:52.332648+00:00,25.8
2026-08-15T18:50:59.005536+00:00,25.7
2026-08-15T19:40:02.806192+00:00,26.1
2026-08-15T20:42:56.862824+00:00,25.8
2026-08-15T21:39:27.696993+00:00,26.0
2026-08-15T22:41:51.053386+00:00,26.1
2026-08-15T23:38:51.462611+00:00,26.3
2026-08-16T01:59:54.168006+00:00,28.5
2026-08-16T03:15:55.267048+00:00,28.6
2026-08-16T04:03:36.895896+00:00,27.5
2026-08-16T04:53:56.248248+00:00,27.0
2026-08-16T05:48:09.884189+00:00,27.0
2026-08-16T07:04:16.180559+00:00,26.5
2026-08-16T07:49:03.599265+00:00,27.1
2026-08-16T08:51:04.638037+00:00,27.3
2026-08-16T09:46:13.985057+00:00,26.7
2026-08-16T10:43:21.261559+00:00,26.3
2026-08-16T11:39:29.797463+00:00,26.5
2026-08-16T13:04:37.341210+00:00,25.6
2026-08-16T13:47:50.302933+00:00,25.5
2026-08-16T14:42:59.531577+00:00,26.7
2026-08-16T15:40:38.309212+00:00,26.2
2026-08-16T16:45:15.660873+00:00,26.5
2026-08-16T17:39:04.426985+00:00,26.5
2026-08-16T18:50:12.606305+00:00,26.3
2026-08-16T19:39:00.025295+00:00,26.3
2026-08-16T20:42:14.484958+00:00,26.5
2026-08-16T21:38:34.520639+00:00,26.5
2026-08-16T22:41:11.219134+00:00,26.8
2026-08-16T23:38:20.620999+00:00,26.5
2026-08-17T01:57:44.259450+00:00,28.3
2026-08-17T03:15:31.998710+00:00,27.6
2026-08-17T04:06:53.323553+00:00,28.0
2026-08-17T05:02:07.418881+00:00,27.5
2026-08-17T05:54:07.764715+00:00,27.2
2026-08-17T07:26:47.602045+00:00,28.5
2026-08-17T09:03:52.850075+00:00,26.8
2026-08-17T10:00:46.557146+00:00,27.2
2026-08-17T10:51:34.592943+00:00,27.2
2026-08-17T11:44:48.557091+00:00,26.7
2026-08-17T13:10:39.494351+00:00,27.3
2026-08-17T13:55:36.203681+00:00,27.3
2026-08-17T14:48:33.300907+00:00,27.0
2026-08-17T15:44:28.057805+00:00,26.8
2026-08-17T16:50:03.173480+00:00,26.8
2026-08-17T17:48:47.393614+00:00,26.5
2026-08-17T19:02:45.841142+00:00,26.3
2026-08-17T19:46:04.748384+00:00,26.2
2026-08-17T20:47:22.182954+00:00,26.2
2026-08-17T21:44:44.001270+00:00,26.1
2026-08-17T22:44:42.424095+00:00,27.3
2026-08-17T23:41:13.219955+00:00,27.6
2026-08-18T01:53:50.905394+00:00,28.1
2026-08-18T03:11:59.124312+00:00,27.0
2026-08-18T04:02:15.179376+00:00,27.0
2026-08-18T04:55:39.790322+00:00,26.6
2026-08-18T05:49:22.701952+00:00,26.5
2026-08-18T07:09:19.741089+00:00,27.6
2026-08-18T07:57:04.458972+00:00,28.2
2026-08-18T08:57:35.366941+00:00,27.0
2026-08-18T09:52:46.733125+00:00,27.2
2026-08-18T10:50:34.489012+00:00,26.5
2026-08-18T11:45:23.636903+00:00,27.1
2026-08-18T13:13:40.956976+00:00,27.6
2026-08-18T14:00:33.071128+00:00,27.2
2026-08-18T14:56:16.784542+00:00,27.1
2026-08-18T15:51:01.866601+00:00,26.8
2026-08-18T16:52:53.403521+00:00,26.7
2026-08-18T17:48:06.955308+00:00,26.7
2026-08-18T19:01:50.949640+00:00,26.5
2026-08-18T19:44:44.446210+00:00,26.5
2026-08-18T20:43:21.113912+00:00,26.5
2026-08-18T21:42:03.156973+00:00,26.5
2026-08-18T22:44:40.975653+00:00,27.0
2026-08-18T23:41:10.861005+00:00,27.2
2026-08-19T01:55:57.242065+00:00,27.5
2026-08-19T03:14:12.299298+00:00,27.7
2026-08-19T04:03:17.859997+00:00,28.6
2026-08-19T04:55:43.243596+00:00,28.8
2026-08-19T05:50:39.671961+00:00,29.1
2026-08-19T07:10:14.584500+00:00,29.2
2026-08-19T07:56:56.864460+00:00,29.2
2026-08-19T08:59:00.879564+00:00,27.7
2026-08-19T09:53:08.926751+00:00,27.1
2026-08-19T10:50:05.067474+00:00,27.1
2026-08-19T11:44:33.268916+00:00,27.2
2026-08-19T13:14:45.742557+00:00,28.1
2026-08-19T14:01:19.566003+00:00,27.2
2026-08-19T14:56:39.866665+00:00,27.0
2026-08-19T15:50:50.146256+00:00,26.8
2026-08-19T16:51:18.349001+00:00,26.5
2026-08-19T17:45:04.518967+00:00,26.5
2026-08-19T18:57:11.105488+00:00,26.1
2026-08-19T19:44:19.226249+00:00,26.0
2026-08-19T20:48:50.596503+00:00,26.0
2026-08-19T21:44:59.802481+00:00,26.7
2026-08-19T22:45:23.365966+00:00,26.6
2026-08-19T23:41:23.864229+00:00,26.8
2026-08-20T01:54:49.663693+00:00,27.6
2026-08-20T03:13:41.087399+00:00,28.8
2026-08-20T04:02:49.993448+00:00,27.6
2026-08-20T04:57:30.217089+00:00,26.6
2026-08-20T05:51:02.814074+00:00,26.8
2026-08-20T07:11:35.120341+00:00,26.6
2026-08-20T08:00:37.973490+00:00,26.8
2026-08-20T08:59:57.637171+00:00,26.5
2026-08-20T09:53:32.118147+00:00,27.2
2026-08-20T10:51:39.076460+00:00,27.3
2026-08-20T11:47:30.954616+00:00,26.7
2026-08-20T13:16:25.145915+00:00,26.2
2026-08-20T14:04:07.928553+00:00,26.2
2026-08-20T14:58:57.667453+00:00,25.8
2026-08-20T15:52:19.236595+00:00,26.6
2026-08-20T16:55:42.713307+00:00,26.6
2026-08-20T17:50:46.214763+00:00,26.6
2026-08-20T19:05:46.083949+00:00,26.5
2026-08-20T19:49:47.566006+00:00,26.5
2026-08-20T20:50:57.071615+00:00,26.6
2026-08-20T21:48:01.812922+00:00,26.6
2026-08-20T22:49:03.935978+00:00,27.2
2026-08-20T23:44:34.758716+00:00,27.3
2026-08-21T02:00:52.476856+00:00,26.5
2026-08-21T03:25:28.231894+00:00,27.1
2026-08-21T04:57:59.123425+00:00,27.5
2026-08-21T05:52:03.062501+00:00,27.1
2026-08-21T07:12:08.570208+00:00,26.7
2026-08-21T08:00:59.528890+00:00,26.6
2026-08-21T09:02:06.811758+00:00,26.5
2026-08-21T09:54:54.305976+00:00,27.3
2026-08-21T10:52:38.542908+00:00,27.0
2026-08-21T11:46:38.183322+00:00,27.2
2026-08-21T13:15:57.824484+00:00,26.3
2026-08-21T14:01:53.612916+00:00,26.1
2026-08-21T14:57:25.680268+00:00,25.8
2026-08-21T15:52:38.427470+00:00,26.8
2026-08-21T16:56:03.220200+00:00,26.6
2026-08-21T17:50:02.841028+00:00,26.6
2026-08-21T19:01:59.487175+00:00,26.5
2026-08-21T19:42:23.801662+00:00,26.6
2026-08-21T20:43:53.638115+00:00,26.6
2026-08-21T21:43:20.383958+00:00,26.7
2026-08-21T22:45:08.506214+00:00,27.0
2026-08-21T23:42:45.514482+00:00,28.1
2026-08-22T01:53:36.711588+00:00,25.6
2026-08-22T03:10:45.565247+00:00,25.7
2026-08-22T03:59:49.000355+00:00,27.7
2026-08-22T04:54:12.319124+00:00,28.2
2026-08-22T05:47:22.634001+00:00,28.6
2026-08-22T07:04:43.029369+00:00,25.7
2026-08-22T07:49:38.753462+00:00,26.3
2026-08-22T08:51:48.701416+00:00,25.7
2026-08-22T09:46:22.621923+00:00,26.2
2026-08-22T10:43:46.883363+00:00,27.3
2026-08-22T11:39:54.147747+00:00,26.5
2026-08-22T13:04:58.147540+00:00,25.2
2026-08-22T13:47:14.004181+00:00,25.2
2026-08-22T14:42:17.234578+00:00,25.2
2026-08-22T15:40:10.926190+00:00,25.2
2026-08-22T16:44:37.390991+00:00,25.2
2026-08-22T17:40:45.032916+00:00,25.2
2026-08-22T18:52:32.579949+00:00,25.2
2026-08-22T19:40:54.022591+00:00,25.2
2026-08-22T20:43:12.270472+00:00,25.2
2026-08-22T21:40:35.023950+00:00,25.2
2026-08-22T22:42:20.955898+00:00,25.2
2026-08-22T23:39:43.872469+00:00,25.2
2026-08-23T02:03:50.493511+00:00,28.1
2026-08-23T03:25:38.925242+00:00,28.7
2026-08-23T04:55:58.272014+00:00,29.1
2026-08-23T05:49:55.749622+00:00,29.2
2026-08-23T07:06:32.193256+00:00,29.2
2026-08-23T07:51:05.645586+00:00,29.2
2026-08-23T08:52:37.569000+00:00,29.3
2026-08-23T09:47:17.907061+00:00,29.3
2026-08-23T10:44:54.840248+00:00,29.3
2026-08-23T11:40:14.325049+00:00,29.2
2026-08-23T13:06:13.603946+00:00,29.2
2026-08-23T13:48:52.607252+00:00,29.2
2026-08-23T14:43:56.984072+00:00,29.1
2026-08-23T15:41:08.919695+00:00,29.1
2026-08-23T16:46:39.984993+00:00,29.1
2026-08-23T17:39:48.290656+00:00,29.0
2026-08-23T18:51:58.394947+00:00,29.0
2026-08-23T19:40:41.922757+00:00,29.0
2026-08-23T20:43:12.820227+00:00,29.0
2026-08-23T21:40:26.994293+00:00,29.1
2026-08-23T22:42:29.925907+00:00,29.1
2026-08-23T23:39:51.834763+00:00,29.2
2026-08-24T02:00:37.365058+00:00,29.7
2026-08-24T03:27:11.432846+00:00,29.8
2026-08-24T05:05:46.022123+00:00,30.2
2026-08-24T05:57:13.803344+00:00,30.1
2026-08-24T07:32:24.754790+00:00,30.1
2026-08-24T09:08:15.369520+00:00,30.0
2026-08-24T10:07:24.078520+00:00,29.8
2026-08-24T10:57:07.221605+00:00,29.8
2026-08-24T11:47:36.867731+00:00,29.8
2026-08-24T13:24:59.891318+00:00,29.8
2026-08-24T15:04:56.313409+00:00,29.6
2026-08-24T15:58:58.700248+00:00,29.6
2026-08-24T16:59:40.027258+00:00,29.8
2026-08-24T17:51:18.325228+00:00,29.6
2026-08-24T19:05:26.848240+00:00,29.7
2026-08-24T19:48:45.952853+00:00,29.5
2026-08-24T20:52:55.449239+00:00,29.5
2026-08-24T21:48:17.282051+00:00,29.5
2026-08-24T22:47:36.330097+00:00,29.6
2026-08-24T23:40:41.782432+00:00,29.6
2026-08-25T01:55:41.299221+00:00,30.1
2026-08-25T03:15:31.835819+00:00,30.3
2026-08-25T04:04:14.069822+00:00,30.3
2026-08-25T04:58:12.368555+00:00,30.6
2026-08-25T05:52:09.831934+00:00,30.5
2026-08-25T07:13:07.662111+00:00,30.3
2026-08-25T08:03:03.058127+00:00,30.2
2026-08-25T09:03:16.105730+00:00,30.2
2026-08-25T09:55:00.094589+00:00,30.3
2026-08-25T10:54:32.304227+00:00,30.1
2026-08-25T11:48:53.181755+00:00,30.2
2026-08-25T13:16:11.471358+00:00,30.1
2026-08-25T14:08:49.602291+00:00,29.8
2026-08-25T15:09:14.118598+00:00,29.8
2026-08-25T16:03:49.254554+00:00,29.8
2026-08-25T17:00:26.465242+00:00,29.8
2026-08-25T17:49:28.999980+00:00,29.7
2026-08-25T19:03:41.675759+00:00,29.6
2026-08-25T19:49:09.171934+00:00,29.6
2026-08-25T20:50:18.415286+00:00,29.5
